{"i":1000,"val_loss_history":[2.5442239046097],"val_loss_history_it":[1000],"forward_backward_times":{},"opt":{"max_epochs":100,"checkpoint_every":1000,"batch_size":50,"memory_benchmark":0,"init_from":"","grad_clip":5,"model_type":"lstm","lr_decay_every":5,"print_every":1,"wordvec_size":64,"seq_length":10,"input_json":"\/Users\/danhon\/dev\/data\/star-trek-titles.txt.json","num_layers":2,"input_h5":"\/Users\/danhon\/dev\/data\/star-trek-titles.txt.h5","reset_iterations":1,"rnn_size":128,"dropout":0,"checkpoint_name":"cv\/startrek_128_len10_1","batchnorm":0,"learning_rate":0.002,"speed_benchmark":0,"gpu_backend":"cuda","lr_decay_factor":0.5,"gpu":-1},"train_loss_history":[4.3166451454163,4.294970035553,4.2355179786682,4.1827988624573,4.0542035102844,3.8730788230896,3.6733586788177,3.541042804718,3.5358214378357,3.4568219184875,3.3947234153748,3.4407393932343,3.4104943275452,3.4647781848907,3.3536748886108,3.4531745910645,3.5350079536438,3.4652440547943,3.4087929725647,3.3557560443878,3.4014587402344,3.4068121910095,3.3558666706085,3.3592090606689,3.3128039836884,3.4116041660309,3.3441188335419,3.3094086647034,3.3341600894928,3.3183324337006,3.3412878513336,3.2614505290985,3.3552203178406,3.3877925872803,3.3262143135071,3.2968513965607,3.243711233139,3.2738528251648,3.2589275836945,3.2126746177673,3.1979868412018,3.1291491985321,3.2401394844055,3.1693584918976,3.092301607132,3.1406710147858,3.0831129550934,3.1057007312775,3.0015082359314,3.102531671524,3.1302714347839,3.0665521621704,3.0311906337738,2.9707210063934,3.0100982189178,2.9720196723938,2.9137363433838,2.899486541748,2.8001203536987,2.9420132637024,2.8740065097809,2.7921044826508,2.8682775497437,2.7743351459503,2.8063733577728,2.7088711261749,2.8523190021515,2.8452658653259,2.8144648075104,2.7782204151154,2.7384505271912,2.7937550544739,2.7551558017731,2.7086074352264,2.6901543140411,2.6184465885162,2.7883489131927,2.7214014530182,2.6344790458679,2.7280042171478,2.6379625797272,2.6736497879028,2.5934121608734,2.7610201835632,2.7081780433655,2.7130455970764,2.6719174385071,2.6469378471375,2.7041640281677,2.6551895141602,2.6097092628479,2.5971913337708,2.5282413959503,2.707631111145,2.6439650058746,2.5479493141174,2.6311869621277,2.5384740829468,2.5794777870178,2.5131855010986,2.6814737319946,2.6189892292023,2.6440672874451,2.6006507873535,2.5857090950012,2.6402432918549,2.5800793170929,2.5450322628021,2.5306746959686,2.4566984176636,2.6402513980865,2.5772035121918,2.4800887107849,2.5661153793335,2.4777994155884,2.5128083229065,2.4586465358734,2.6183817386627,2.5460138320923,2.5861134529114,2.5375537872314,2.5299701690674,2.5828127861023,2.5221705436707,2.4932112693787,2.4799156188965,2.4018042087555,2.581967830658,2.5216782093048,2.4226717948914,2.5075919628143,2.424663066864,2.4551105499268,2.4098930358887,2.5677108764648,2.4849982261658,2.5420637130737,2.4830300807953,2.4790885448456,2.5279331207275,2.4714293479919,2.4467988014221,2.4351766109467,2.3531131744385,2.5337135791779,2.4682078361511,2.3707370758057,2.4576370716095,2.3777418136597,2.4048638343811,2.3677496910095,2.5220704078674,2.4298424720764,2.5060307979584,2.4402806758881,2.4363489151001,2.4751715660095,2.4294700622559,2.4118111133575,2.3968336582184,2.3242146968842,2.5114283561707,2.440327167511,2.3417136669159,2.4318504333496,2.3582208156586,2.3835742473602,2.3491098880768,2.5116839408875,2.3901336193085,2.4744589328766,2.4107260704041,2.4118704795837,2.4541254043579,2.4032385349274,2.3890819549561,2.3804061412811,2.2963485717773,2.4789364337921,2.4089024066925,2.3133106231689,2.4056417942047,2.3341267108917,2.3598504066467,2.3311011791229,2.485641002655,2.368567943573,2.4618196487427,2.3889629840851,2.3956677913666,2.4314048290253,2.3849234580994,2.3682820796967,2.360645532608,2.2767641544342,2.4592282772064,2.388637304306,2.2928342819214,2.3858959674835,2.3135244846344,2.3379592895508,2.3095481395721,2.4661450386047,2.3452978134155,2.4479627609253,2.3731882572174,2.3800163269043,2.4116289615631,2.3670794963837,2.3497216701508,2.3431169986725,2.2573618888855,2.4408941268921,2.3683862686157,2.2744882106781,2.3668851852417,2.2967245578766,2.3188760280609,2.2942545413971,2.4462819099426,2.3215584754944,2.4350810050964,2.3567116260529,2.3650419712067,2.3931262493134,2.3485343456268,2.3315665721893,2.3259446620941,2.2398273944855,2.4217193126678,2.349048614502,2.2571949958801,2.3487210273743,2.2809312343597,2.30060338974,2.2794559001923,2.4275522232056,2.2980680465698,2.4242911338806,2.3379912376404,2.3444290161133,2.3704121112823,2.3269326686859,2.3181250095367,2.3085360527039,2.2292635440826,2.4125914573669,2.3356935977936,2.2460677623749,2.3401298522949,2.2765564918518,2.2943353652954,2.2772705554962,2.4280757904053,2.2761399745941,2.409469127655,2.324857711792,2.3339397907257,2.3576920032501,2.3172497749329,2.3054809570312,2.3013045787811,2.2182581424713,2.4001660346985,2.3181192874908,2.2340862751007,2.3301947116852,2.2646226882935,2.2840309143066,2.2670407295227,2.4195339679718,2.2667188644409,2.4072465896606,2.3154680728912,2.3263359069824,2.3478925228119,2.3084855079651,2.29509973526,2.2934622764587,2.2094030380249,2.3906564712524,2.306147813797,2.2259302139282,2.3213138580322,2.2558233737946,2.2744746208191,2.2592022418976,2.4095060825348,2.2563002109528,2.4034097194672,2.3066573143005,2.3182730674744,2.3385152816772,2.2978792190552,2.287055015564,2.2844126224518,2.2010858058929,2.3812968730927,2.2969257831573,2.217146396637,2.3130593299866,2.2478997707367,2.2656507492065,2.2508254051208,2.3994183540344,2.2456436157227,2.3968420028687,2.2992141246796,2.3114068508148,2.3290109634399,2.289035320282,2.2784562110901,2.2759606838226,2.1929025650024,2.3725881576538,2.2881615161896,2.2087535858154,2.3041751384735,2.2399566173553,2.2570509910583,2.2438817024231,2.3902604579926,2.2346978187561,2.3913223743439,2.2925646305084,2.3049120903015,2.320583820343,2.2817504405975,2.2722487449646,2.2673053741455,2.1878697872162,2.3682954311371,2.2846386432648,2.2034642696381,2.2997722625732,2.2382462024689,2.2544772624969,2.2441971302032,2.3917374610901,2.2231991291046,2.3840067386627,2.2860779762268,2.2985270023346,2.3120224475861,2.2737185955048,2.2653238773346,2.2629458904266,2.1831037998199,2.3634762763977,2.2770345211029,2.1990115642548,2.2963812351227,2.2333815097809,2.2499577999115,2.2386288642883,2.3844916820526,2.2181293964386,2.3814604282379,2.2821223735809,2.2950663566589,2.3086717128754,2.2689027786255,2.2613060474396,2.2592673301697,2.1788010597229,2.3585715293884,2.2727191448212,2.1945006847382,2.2913408279419,2.228973865509,2.245329618454,2.2345237731934,2.3795335292816,2.21368932724,2.3789758682251,2.2783637046814,2.2924304008484,2.3043382167816,2.2651236057281,2.2567532062531,2.2553794384003,2.1747562885284,2.354044675827,2.2678055763245,2.1904213428497,2.2870428562164,2.2248561382294,2.2410418987274,2.230865240097,2.3748350143433,2.2086637020111,2.3766093254089,2.2745451927185,2.2891068458557,2.2999656200409,2.2606782913208,2.2526280879974,2.2512814998627,2.170814037323,2.349621295929,2.2632758617401,2.1861581802368,2.2827925682068,2.2209134101868,2.2368359565735,2.2271580696106,2.3702867031097,2.2035658359528,2.3739140033722,2.2713270187378,2.2859482765198,2.296005487442,2.2574167251587,2.2496931552887,2.2470738887787,2.1683440208435,2.3475816249847,2.2611575126648,2.1833486557007,2.2807321548462,2.2199242115021,2.2356593608856,2.2276685237885,2.3711671829224,2.1973674297333,2.3702557086945,2.2680585384369,2.2826125621796,2.2914571762085,2.2529556751251,2.2462916374207,2.244432926178,2.1659791469574,2.3451166152954,2.258501291275,2.1811060905457,2.2786977291107,2.2181003093719,2.2335226535797,2.2251207828522,2.3681073188782,2.1950786113739,2.3684556484222,2.2662718296051,2.2810997962952,2.2896587848663,2.2509779930115,2.2440485954285,2.2427349090576,2.1639266014099,2.3429043292999,2.2557592391968,2.1790623664856,2.2765979766846,2.2158110141754,2.2312860488892,2.2229719161987,2.3655416965485,2.1927599906921,