{"i":850,"val_loss_history":[1.2106367349625],"val_loss_history_it":[850],"forward_backward_times":{},"opt":{"max_epochs":50,"checkpoint_every":1000,"batch_size":50,"memory_benchmark":0,"init_from":"cv\/startrek_newtitles_2_13600.t7","grad_clip":5,"model_type":"lstm","lr_decay_every":5,"print_every":1,"wordvec_size":64,"seq_length":17,"input_json":"\/Users\/danhon\/dev\/data\/star-trek-titles_gen3.txt.json","num_layers":2,"input_h5":"\/Users\/danhon\/dev\/data\/star-trek-titles_gen3.txt.h5","reset_iterations":1,"rnn_size":128,"dropout":0,"checkpoint_name":"cv\/startrek_newtitles_3","batchnorm":0,"learning_rate":0.002,"speed_benchmark":0,"gpu_backend":"cuda","lr_decay_factor":0.5,"gpu":-1},"train_loss_history":[1.4954996109009,1.3648154735565,1.2990701198578,1.2694541215897,1.3500701189041,1.2992920875549,1.3693269491196,1.393711566925,1.3884643316269,1.3066055774689,1.3918265104294,1.3883687257767,1.3951343297958,1.34892141819,1.4766525030136,1.4442365169525,1.431210398674,1.4514968395233,1.2840311527252,1.2221857309341,1.2075788974762,1.2516057491302,1.2131773233414,1.2794369459152,1.3175587654114,1.3028337955475,1.2379821538925,1.288737654686,1.2991182804108,1.3448704481125,1.2673003673553,1.3790601491928,1.3598613739014,1.3624484539032,1.4208456277847,1.2524296045303,1.1653368473053,1.1802877187729,1.2236722707748,1.1706268787384,1.2298604249954,1.269584774971,1.2760717868805,1.1998924016953,1.2472658157349,1.2788192033768,1.2927436828613,1.236788392067,1.3385487794876,1.3376158475876,1.3093844652176,1.3777849674225,1.2157868146896,1.1389243602753,1.1493889093399,1.1970465183258,1.1417665481567,1.2012748718262,1.2480684518814,1.2564622163773,1.1779814958572,1.207713842392,1.2384629249573,1.2664760351181,1.2035857439041,1.3067044019699,1.2879749536514,1.2656472921371,1.3257822990417,1.2063099145889,1.1085698604584,1.1316978931427,1.1803245544434,1.1244105100632,1.2021989822388,1.2323037385941,1.2169539928436,1.165389418602,1.2081346511841,1.235910654068,1.2565941810608,1.2047593593597,1.3230541944504,1.3195503950119,1.1918163299561,1.2623409032822,1.1685643196106,1.0869369506836,1.0863236188889,1.1412774324417,1.0992250442505,1.1633993387222,1.1960637569427,1.1909222602844,1.1343116760254,1.1748160123825,1.2073236703873,1.2361513376236,1.1815278530121,1.2809398174286,1.2690886259079,1.1757318973541,1.243892788887,1.1446527242661,1.0586875677109,1.0616309642792,1.125462770462,1.0862654447556,1.1408727169037,1.1593855619431,1.166397690773,1.1147221326828,1.1550679206848,1.1815658807755,1.1921803951263,1.1447316408157,1.2467195987701,1.2420382499695,1.1420809030533,1.2347909212112,1.1273455619812,1.0394877195358,1.04569876194,1.1112283468246,1.0713342428207,1.1218153238297,1.1414332389832,1.146738409996,1.097732424736,1.1391649246216,1.1615602970123,1.1734147071838,1.1258771419525,1.2259224653244,1.2206299304962,1.1282057762146,1.2039983272552,1.1111139059067,1.0246691703796,1.0338540077209,1.0956563949585,1.0538413524628,1.100442647934,1.1236819028854,1.1322764158249,1.0834984779358,1.1127396821976,1.1346542835236,1.1508113145828,1.1028069257736,1.2016484737396,1.1962858438492,1.1061891317368,1.1929247379303,1.0936312675476,1.0042133331299,1.0214192867279,1.0810654163361,1.0418442487717,1.0908576250076,1.1150782108307,1.1160879135132,1.0732913017273,1.1080695390701,1.1328793764114,1.1547920703888,1.1048010587692,1.2122219800949,1.2149964570999,1.0576741695404,1.1493713855743,1.078444480896,0.99131363630295,1.0000411272049,1.0661685466766,1.0239001512527,1.0712267160416,1.0959298610687,1.0985336303711,1.0653398036957,1.0996295213699,1.1218611001968,1.1393245458603,1.0874669551849,1.1935670375824,1.1931111812592,1.0510153770447,1.1438728570938,1.081761598587,0.986931681633,1.0031266212463,1.0676864385605,1.0248475074768,1.0714201927185,1.0934062004089,1.086727976799,1.0510478019714,1.0871478319168,1.1126933097839,1.1366580724716,1.0816162824631,1.1849144697189,1.1836496591568,1.0454930067062,1.1374182701111,1.0665284395218,0.97708493471146,0.99180752038956,1.0602173805237,1.0213947296143,1.0686217546463,1.0897352695465,1.0814549922943,1.0360256433487,1.0712401866913,1.0954083204269,1.1182768344879,1.0659143924713,1.1724631786346,1.1744613647461,1.039991736412,1.134001493454,1.0554957389832,0.96831089258194,0.97603517770767,1.0417418479919,1.0079183578491,1.0576924085617,1.0778756141663,1.0765805244446,1.0270116329193,1.0608296394348,1.0833823680878,1.1015247106552,1.0481100082397,1.1554448604584,1.1545314788818,1.0299544334412,1.1232643127441,1.0426875352859,0.95635169744492,0.96636462211609,1.0302827358246,0.99761706590652,1.0418252944946,1.0637220144272,1.0616264343262,1.0215374231339,1.0559420585632,1.0815799236298,1.102588057518,1.0487495660782,1.1580982208252,1.1580671072006,1.0002934932709,1.1005014181137,1.0308179855347,0.94968318939209,0.95710468292236,1.0228964090347,0.98778849840164,1.0309554338455,1.0543302297592,1.0570795536041,1.0172075033188,1.0536113977432,1.0831242799759,1.0978635549545,1.0444736480713,1.1526100635529,1.1441444158554,0.99660021066666,1.1003510951996,1.0274206399918,0.95028012990952,0.96103817224503,1.0238311290741,0.9884278178215,1.027134180069,1.0494985580444,1.0523751974106,1.0091392993927,1.0435421466827,1.0726405382156,1.0889384746552,1.0369797945023,1.1484375,1.1368803977966,0.99362504482269,1.0990396738052,1.0248444080353,0.94137859344482,0.95069843530655,1.0122044086456,0.98188018798828,1.0216859579086,1.0458761453629,1.0488883256912,1.0071220397949,1.0399364233017,1.0641534328461,1.0770090818405,1.0267338752747,1.1357810497284,1.1282341480255,0.98906135559082,1.0977051258087,1.0258721113205,0.93956863880157,0.94725412130356,1.0048937797546,0.97548747062683,1.0149983167648,1.0387672185898,1.0431475639343,1.0048661231995,1.0376465320587,1.0618317127228,1.0715831518173,1.021262049675,1.1264728307724,1.1201461553574,0.98463529348373,1.087477684021,1.0156378746033,0.93105840682983,0.93998771905899,1.0005184412003,0.97263759374619,1.0123567581177,1.0343095064163,1.0341409444809,0.99934870004654,1.0304220914841,1.0585104227066,1.07244348526,1.0240979194641,1.1308699846268,1.1247326135635,0.96850335597992,1.0758793354034,1.0089999437332,0.93047368526459,0.94199687242508,1.0001394748688,0.97248494625092,1.0071451663971,1.0295851230621,1.0302150249481,0.99346327781677,1.029360294342,1.0597922801971,1.0745191574097,1.0284397602081,1.1328852176666,1.1213973760605,0.96821916103363,1.0709005594254,1.0057491064072,0.92641907930374,0.93860727548599,0.99911946058273,0.97507393360138,1.0094858407974,1.032559633255,1.0300824642181,0.98840111494064,1.0214858055115,1.050023317337,1.0652422904968,1.021070599556,1.1278476715088,1.1187510490417,0.96781700849533,1.0714520215988,1.0038629770279,0.92285007238388,0.93080395460129,0.9914253950119,0.96681517362595,1.002821803093,1.0273683071136,1.0270467996597,0.9863418340683,1.0183478593826,1.0468875169754,1.0588593482971,1.0135484933853,1.1194652318954,1.110316157341,0.96387308835983,1.0687470436096,1.001614689827,0.92125135660172,0.92907321453094,0.98869729042053,0.96335971355438,0.99831420183182,1.0217329263687,1.0221257209778,0.98344433307648,1.0158108472824,1.0440928936005,1.0554517507553,1.0104166269302,1.1152658462524,1.106125831604,0.96123743057251,1.0662260055542,1.0005044937134,0.91942036151886,0.92747223377228,0.98646569252014,0.96110790967941,0.99671173095703,1.0192981958389,1.0189534425735,0.98444652557373,1.0167146921158,1.0456757545471,1.0574465990067,1.0126246213913,1.1183407306671,1.1107629537582,0.95267522335052,1.0594917535782,0.99474596977234,0.91639447212219,0.92556697130203,0.98421573638916,0.96090418100357,0.99531304836273,1.0185323953629,1.0185149908066,0.98133492469788,1.0132863521576,1.0415058135986,1.0538456439972,1.0098544359207,1.1149249076843,1.1079885959625,0.95254164934158,1.0582894086838,0.99491333961487,0.91529929637909,0.9222127199173,0.98214960098267,0.95813417434692,0.99272161722183,1.015886425972,1.0163452625275,0.97966998815536,1.0114501714706,