{"i":1000,"val_loss_history":[2.5093419551849],"val_loss_history_it":[1000],"forward_backward_times":{},"opt":{"max_epochs":800,"checkpoint_every":1000,"batch_size":50,"memory_benchmark":0,"init_from":"","grad_clip":5,"model_type":"lstm","lr_decay_every":5,"print_every":1,"wordvec_size":64,"seq_length":11,"input_json":"\/Users\/danhon\/dev\/data\/star-trek-titles.txt.json","num_layers":2,"input_h5":"\/Users\/danhon\/dev\/data\/star-trek-titles.txt.h5","reset_iterations":1,"rnn_size":128,"dropout":0,"checkpoint_name":"cv\/startrek_128_len17_1_800","batchnorm":0,"learning_rate":0.002,"speed_benchmark":0,"gpu_backend":"cuda","lr_decay_factor":0.5,"gpu":-1},"train_loss_history":[4.3132152557373,4.2589769363403,4.1726298332214,4.038622379303,3.8472859859467,3.6935732364655,3.5463058948517,3.4714910984039,3.5426387786865,3.3822195529938,3.4405376911163,3.3531577587128,3.3807260990143,3.4267423152924,3.3980538845062,3.5139303207397,3.3529858589172,3.382030248642,3.4046475887299,3.3805413246155,3.3874795436859,3.4023194313049,3.3154809474945,3.3129699230194,3.398770570755,3.2911157608032,3.3171145915985,3.2504448890686,3.2965853214264,3.323897600174,3.2935645580292,3.3746087551117,3.234650850296,3.2362792491913,3.2453248500824,3.206738948822,3.2196269035339,3.2015452384949,3.1291556358337,3.0990800857544,3.1355707645416,3.0517907142639,3.090916633606,2.9835505485535,3.0412406921387,3.0461120605469,2.9765920639038,3.1197092533112,2.9201805591583,2.9405844211578,2.9288895130157,2.8779392242432,2.9252758026123,2.8804850578308,2.8391954898834,2.7991781234741,2.8251304626465,2.7488234043121,2.823627948761,2.7081117630005,2.8119916915894,2.7844994068146,2.7130162715912,2.8889203071594,2.6774871349335,2.7174649238586,2.7067129611969,2.658739566803,2.726053237915,2.6970796585083,2.6865744590759,2.6447803974152,2.6843378543854,2.6164455413818,2.6944379806519,2.5932967662811,2.7216944694519,2.6895759105682,2.6193113327026,2.7562143802643,2.5855052471161,2.6131272315979,2.6116285324097,2.5625903606415,2.6358971595764,2.6091420650482,2.6068806648254,2.558869600296,2.5999898910522,2.5316789150238,2.6076307296753,2.5162072181702,2.6468243598938,2.6088402271271,2.5281987190247,2.6724579334259,2.5141215324402,2.5378518104553,2.5350480079651,2.4885237216949,2.5611815452576,2.5441160202026,2.5431437492371,2.496771812439,2.5312008857727,2.460107088089,2.5372405052185,2.4582023620605,2.5872046947479,2.5423054695129,2.4604177474976,2.6000869274139,2.458934545517,2.4773504734039,2.4717357158661,2.4225358963013,2.4955480098724,2.4863488674164,2.4852294921875,2.4424548149109,2.4710001945496,2.4001903533936,2.4779505729675,2.4035224914551,2.5348482131958,2.4854037761688,2.4020943641663,2.5400106906891,2.4138689041138,2.4229784011841,2.4182748794556,2.3666174411774,2.4357779026031,2.4395110607147,2.4362471103668,2.3959898948669,2.4175372123718,2.3476865291595,2.4259073734283,2.3559274673462,2.4888920783997,2.4363887310028,2.3507168292999,2.4834771156311,2.3737552165985,2.3851034641266,2.3752999305725,2.3247101306915,2.3876254558563,2.4037652015686,2.4003851413727,2.3655099868774,2.389963388443,2.3159582614899,2.4037482738495,2.3338029384613,2.4768669605255,2.4186501502991,2.3331053256989,2.4419822692871,2.3528521060944,2.3481013774872,2.3461337089539,2.2953541278839,2.3632004261017,2.378190279007,2.3806114196777,2.3394300937653,2.3575170040131,2.2951536178589,2.3804624080658,2.311666727066,2.4545085430145,2.3944458961487,2.3056080341339,2.421355009079,2.339316368103,2.3298492431641,2.3249554634094,2.275995016098,2.3402166366577,2.3617033958435,2.3620295524597,2.3208849430084,2.3364682197571,2.2787222862244,2.3592283725739,2.290060043335,2.4362051486969,2.3722801208496,2.2825090885162,2.3992826938629,2.3252139091492,2.3110122680664,2.3048489093781,2.2572157382965,2.3180623054504,2.3444590568542,2.342898607254,2.3035085201263,2.3168721199036,2.2604484558105,2.3400030136108,2.2718260288239,2.4187366962433,2.3529200553894,2.2621829509735,2.3778395652771,2.3119304180145,2.2930159568787,2.2853357791901,2.2380776405334,2.2986092567444,2.3274841308594,2.3248448371887,2.286673784256,2.2989702224731,2.242870092392,2.3223190307617,2.2540192604065,2.4025211334229,2.3334927558899,2.2415363788605,2.3568797111511,2.2921476364136,2.2773299217224,2.2641005516052,2.2232637405396,2.2804415225983,2.3148651123047,2.3107702732086,2.2728118896484,2.2897028923035,2.2265582084656,2.3128044605255,2.246524810791,2.3962600231171,2.3305263519287,2.2376589775085,2.333456993103,2.2822575569153,2.261572599411,2.2520253658295,2.2089402675629,2.2708377838135,2.3026814460754,2.2993247509003,2.2618043422699,2.2775237560272,2.2201571464539,2.3054912090302,2.2367835044861,2.3918817043304,2.316793680191,2.2298548221588,2.3220016956329,2.2734642028809,2.2541422843933,2.2430517673492,2.2010290622711,2.2623627185822,2.2969715595245,2.29097032547,2.2550058364868,2.2689642906189,2.207955121994,2.2940592765808,2.2268266677856,2.3819229602814,2.306193113327,2.2198746204376,2.3113374710083,2.2670674324036,2.2472314834595,2.2328090667725,2.1918320655823,2.2524132728577,2.2887468338013,2.2820606231689,2.246874332428,2.2605667114258,2.1996653079987,2.2841076850891,2.2178127765656,2.3719873428345,2.296213388443,2.2081718444824,2.3017191886902,2.2609860897064,2.2390656471252,2.2239122390747,2.1833050251007,2.2425236701965,2.2809226512909,2.2733116149902,2.2384185791016,2.2519450187683,2.1919536590576,2.2760007381439,2.2090563774109,2.3640034198761,2.2866463661194,2.1979563236237,2.2918198108673,2.2539587020874,2.2338221073151,2.2150094509125,2.1762571334839,2.2335574626923,2.2746698856354,2.2677087783813,2.2322549819946,2.2484428882599,2.1864542961121,2.2731819152832,2.2057428359985,2.3614609241486,2.2860715389252,2.1964774131775,2.2804872989655,2.2480306625366,2.2236173152924,2.2087578773499,2.1696441173553,2.2289354801178,2.2697992324829,2.2614228725433,2.2280511856079,2.243780374527,2.1814115047455,2.2686696052551,2.2010581493378,2.358794927597,2.2803030014038,2.1929321289062,2.2749199867249,2.2444894313812,2.2208106517792,2.2040231227875,2.1649494171143,2.22438621521,2.2656090259552,2.2574639320374,2.2239291667938,2.2391886711121,2.1768877506256,2.2635035514832,2.1967148780823,2.3531332015991,2.2755424976349,2.1866841316223,2.270879983902,2.2416880130768,2.2168233394623,2.2001206874847,2.1610422134399,2.2197968959808,2.2620995044708,2.2532157897949,2.2200303077698,2.2349061965942,2.1728553771973,2.2596383094788,2.1921455860138,2.3492274284363,2.2703876495361,2.1817996501923,2.2659947872162,2.2389459609985,2.2131588459015,2.1960246562958,2.1568329334259,2.2158408164978,2.2585117816925,2.2489805221558,2.2161257266998,2.2309296131134,2.1687734127045,2.2554204463959,2.1878879070282,2.3450300693512,2.2655944824219,2.176766872406,2.2611706256866,2.2354531288147,2.210972070694,2.1915700435638,2.1535663604736,2.2112045288086,2.2551844120026,2.2465033531189,2.212655544281,2.2287709712982,2.1673460006714,2.2546579837799,2.1861579418182,2.3448061943054,2.264910697937,2.1768553256989,2.2549860477448,2.23153424263,2.205718755722,2.1883871555328,2.1503112316132,2.2088944911957,2.2533552646637,2.243292093277,2.2113296985626,2.2274386882782,2.1631526947021,2.2519307136536,2.1841087341309,2.3417999744415,2.2628972530365,2.1740155220032,2.2527034282684,2.230509519577,2.204044342041,2.1862103939056,2.1481366157532,2.2066504955292,2.2509605884552,2.2410871982574,2.2089080810547,2.2248313426971,2.1617450714111,2.2499079704285,2.1818630695343,2.3401398658752,2.260240316391,2.1715562343597,2.2504551410675,2.229172706604,2.2022268772125,2.1843402385712,2.1460251808167,2.2047488689423,2.2492401599884,2.2390685081482,2.207013130188,2.222766160965,2.1596250534058,2.2476511001587,2.1797688007355,2.3378169536591,2.2578933238983,2.1688599586487,2.2482833862305,2.2277319431305,2.2003633975983,2.182422876358,2.144065618515,2.2026109695435,2.2474946975708,2.2370076179504,2.205100774765,2.2206876277924,2.1575636863708,2.2457172870636,2.1775817871094,