{"i":1000,"val_loss_history":[2.424315571785],"val_loss_history_it":[1000],"forward_backward_times":{},"opt":{"max_epochs":100,"checkpoint_every":1000,"batch_size":50,"memory_benchmark":0,"init_from":"","grad_clip":5,"model_type":"lstm","lr_decay_every":5,"print_every":1,"wordvec_size":64,"seq_length":5,"input_json":"\/Users\/danhon\/dev\/data\/star-trek-titles.txt.json","num_layers":2,"input_h5":"\/Users\/danhon\/dev\/data\/star-trek-titles.txt.h5","reset_iterations":1,"rnn_size":128,"dropout":0,"checkpoint_name":"cv\/startrek_128","batchnorm":0,"learning_rate":0.002,"speed_benchmark":0,"gpu_backend":"cuda","lr_decay_factor":0.5,"gpu":-1},"train_loss_history":[4.3213787078857,4.3004784584045,4.2475547790527,4.1624488830566,4.0352168083191,3.8533244132996,3.7061440944672,3.5687522888184,3.5186657905579,3.452131986618,3.2799415588379,3.4930858612061,3.4051249027252,3.4475522041321,3.4920165538788,3.4075789451599,3.3276562690735,3.41122174263,3.49773478508,3.5068612098694,3.4470186233521,3.415221452713,3.3388080596924,3.3473079204559,3.3229792118073,3.3311803340912,3.3152027130127,3.3077712059021,3.3869276046753,3.1878879070282,3.3042430877686,3.3506302833557,3.3432099819183,3.2594842910767,3.5013773441315,3.2353892326355,3.2885963916779,3.2652230262756,3.0797564983368,3.2102334499359,3.1215195655823,3.1810631752014,3.1585524082184,3.1952166557312,3.1324858665466,2.8840308189392,3.1059696674347,3.0714056491852,3.0480945110321,3.1297233104706,2.9619431495667,2.9245808124542,2.9697804450989,3.0738823413849,3.1158154010773,3.0740933418274,2.9462468624115,2.8681581020355,2.9063990116119,2.8687875270844,2.89732837677,2.8251025676727,2.9164247512817,2.9416215419769,2.6805365085602,2.8773944377899,2.8513576984406,2.8751819133759,2.7179985046387,2.9569079875946,2.8598132133484,2.7268221378326,2.8213992118835,2.6006495952606,2.7223060131073,2.5838034152985,2.7119240760803,2.7122354507446,2.7894957065582,2.6997041702271,2.4099817276001,2.6646885871887,2.6590938568115,2.6054136753082,2.7855534553528,2.5352909564972,2.5236477851868,2.58607006073,2.6975951194763,2.7900710105896,2.7246174812317,2.5577507019043,2.538526058197,2.5707964897156,2.5651361942291,2.5918238162994,2.5381853580475,2.6594834327698,2.6556208133698,2.4127280712128,2.6176574230194,2.5959904193878,2.5952577590942,2.4509844779968,2.6509335041046,2.6869530677795,2.4727301597595,2.6093015670776,2.4026885032654,2.4952838420868,2.3228950500488,2.5018756389618,2.4985032081604,2.6001415252686,2.5135760307312,2.2011775970459,2.459370136261,2.4524104595184,2.3965961933136,2.6447236537933,2.3512706756592,2.3214297294617,2.4115364551544,2.5146913528442,2.6426651477814,2.5797979831696,2.3505446910858,2.3766188621521,2.4168846607208,2.4174692630768,2.4339239597321,2.4108579158783,2.5204613208771,2.543713092804,2.2776591777802,2.4640457630157,2.4608378410339,2.4392664432526,2.3307292461395,2.4893317222595,2.5784924030304,2.3436012268066,2.4890930652618,2.2696504592896,2.375727891922,2.1811101436615,2.3618903160095,2.3638937473297,2.4613072872162,2.3828880786896,2.0580222606659,2.3390464782715,2.3374886512756,2.2662644386292,2.5040335655212,2.2379548549652,2.1951167583466,2.3086922168732,2.4038100242615,2.5420749187469,2.4955468177795,2.2397871017456,2.2724952697754,2.3270959854126,2.3452270030975,2.3378775119781,2.3427562713623,2.444237947464,2.4800713062286,2.2022228240967,2.4141302108765,2.4155762195587,2.3951325416565,2.2898907661438,2.3695998191833,2.49063539505,2.2487754821777,2.4215023517609,2.2272381782532,2.3022291660309,2.0935451984406,2.2904829978943,2.3016254901886,2.387796163559,2.2991337776184,1.9946624040604,2.2786459922791,2.2695844173431,2.2094049453735,2.4484128952026,2.1896080970764,2.1347324848175,2.2587583065033,2.3502383232117,2.4881038665771,2.4521591663361,2.180828332901,2.2160174846649,2.2791130542755,2.3041005134583,2.2855587005615,2.3017826080322,2.3937559127808,2.4332826137543,2.1481535434723,2.346522808075,2.3518874645233,2.3390488624573,2.2477288246155,2.3051533699036,2.451376914978,2.1970620155334,2.3870034217834,2.1875338554382,2.2613956928253,2.0526828765869,2.2417690753937,2.265074968338,2.3365268707275,2.24929022789,1.9500653743744,2.2257869243622,2.2256698608398,2.1627764701843,2.3954231739044,2.1443920135498,2.0896937847137,2.2094752788544,2.2924654483795,2.4394044876099,2.4112138748169,2.132933139801,2.172562122345,2.2399580478668,2.2705590724945,2.2441780567169,2.271134853363,2.3512303829193,2.3992941379547,2.1054451465607,2.2924294471741,2.2980816364288,2.2944238185883,2.208384513855,2.2472019195557,2.4144840240479,2.1523492336273,2.3517022132874,2.1466009616852,2.2233169078827,2.0153071880341,2.1993441581726,2.2326505184174,2.2884805202484,2.2046885490417,1.9135545492172,2.1793131828308,2.1848654747009,2.1217360496521,2.3449418544769,2.1020538806915,2.0463604927063,2.1658999919891,2.2379002571106,2.3935058116913,2.3745367527008,2.0892286300659,2.1300077438354,2.2032344341278,2.2348992824554,2.208193063736,2.2426302433014,2.3129003047943,2.3703334331512,2.0662665367126,2.2474873065948,2.2538352012634,2.2518730163574,2.1715919971466,2.1902358531952,2.3785445690155,2.1132307052612,2.3152003288269,2.1065773963928,2.1907625198364,1.9802720546722,2.1580936908722,2.1987106800079,2.2437376976013,2.1631066799164,1.8832850456238,2.136424779892,2.1511483192444,2.0863692760468,2.3002989292145,2.0621724128723,2.002053976059,2.1252148151398,2.1919345855713,2.3451216220856,2.3382995128632,2.0496356487274,2.0938942432404,2.1717519760132,2.1999018192291,2.1718218326569,2.2124817371368,2.2768423557281,2.3412456512451,2.0320975780487,2.2071633338928,2.2134594917297,2.2068529129028,2.1280190944672,2.1333215236664,2.3457562923431,2.0760493278503,2.2746646404266,2.0605142116547,2.1528475284576,1.9443267583847,2.1175694465637,2.1589002609253,2.2012386322021,2.1216371059418,1.8383760452271,2.0840780735016,2.1156828403473,2.0392823219299,2.2455027103424,2.0220859050751,1.9606095552444,2.0912175178528,2.1430234909058,2.3096578121185,2.3087658882141,2.0183484554291,2.0602505207062,2.142059803009,2.1715371608734,2.1435971260071,2.1926717758179,2.2583799362183,2.3269057273865,2.0099515914917,2.1981058120728,2.205650806427,2.176798582077,2.1021802425385,2.0762710571289,2.2839753627777,2.0373682975769,2.2342176437378,2.0346918106079,2.1184897422791,1.9191085100174,2.0869433879852,2.1382846832275,2.1724474430084,2.092823266983,1.8223094940186,2.0604701042175,2.0942878723145,2.0161988735199,2.2191028594971,2.0015435218811,1.9363094568253,2.0721156597137,2.1198055744171,2.2799458503723,2.2902498245239,1.9921317100525,2.0416448116302,2.1247358322144,2.1531064510345,2.121780872345,2.1727147102356,2.2403137683868,2.3079767227173,1.9913556575775,2.1749243736267,2.1807351112366,2.1512258052826,2.0756630897522,2.0525720119476,2.2665514945984,2.0177912712097,2.2166719436646,2.018762588501,2.1011075973511,1.9030512571335,2.0694117546082,2.1226761341095,2.1497011184692,2.0731160640717,1.8071886301041,2.0412302017212,2.0767116546631,1.9985420703888,2.1983931064606,1.9844357967377,1.9176304340363,2.0547895431519,2.097252368927,2.2590742111206,2.2731356620789,1.9739141464233,2.0246052742004,2.1100928783417,2.1374108791351,2.104380607605,2.1598854064941,2.2229640483856,2.2901096343994,1.9739482402802,2.1552920341492,2.1591320037842,2.1315741539001,2.0564305782318,2.027414560318,2.2501430511475,2.000670671463,2.2014863491058,2.0032007694244,2.0847187042236,1.8859367370605,2.0527138710022,2.1059317588806,2.1293125152588,2.0520811080933,1.7933923006058,2.0217106342316,2.0603806972504,1.9807757139206,2.1783051490784,1.9674934148788,1.8988761901855,2.0380797386169,2.0738282203674,2.2391877174377,2.2576234340668,1.957857966423,2.0084009170532,2.0960462093353,2.1212196350098,2.0881879329681,2.1468703746796,2.2065315246582,2.2735419273376,1.9583247900009,2.13654255867,2.1393203735352,2.1120944023132,2.0379431247711,2.0011940002441,2.2316989898682,1.9834005832672,2.1854376792908,1.9863395690918,2.0675258636475,