{"i":1000,"val_loss_history":[1.2452909946442],"val_loss_history_it":[1000],"forward_backward_times":{},"opt":{"max_epochs":100,"checkpoint_every":1000,"batch_size":50,"memory_benchmark":0,"init_from":"cv\/startrek_newtitles_3_850.t7","grad_clip":5,"model_type":"lstm","lr_decay_every":5,"print_every":1,"wordvec_size":64,"seq_length":17,"input_json":"\/Users\/danhon\/dev\/data\/star-trek-titles_gen4.txt.json","num_layers":2,"input_h5":"\/Users\/danhon\/dev\/data\/star-trek-titles_gen4.txt.h5","reset_iterations":1,"rnn_size":128,"dropout":0,"checkpoint_name":"cv\/startrek_newtitles_4","batchnorm":0,"learning_rate":0.002,"speed_benchmark":0,"gpu_backend":"cuda","lr_decay_factor":0.5,"gpu":-1},"train_loss_history":[1.3365833759308,1.2469346523285,1.112578868866,1.1275746822357,1.0578054189682,1.089057803154,1.0925806760788,1.1172454357147,1.196500658989,1.1467528343201,1.0745068788528,1.1906328201294,1.1319808959961,1.1450506448746,1.1353799104691,1.1693801879883,1.1391931772232,1.086027264595,1.4332165718079,1.4719203710556,1.1311320066452,1.0463380813599,1.0143150091171,0.97469782829285,1.014328122139,1.0220254659653,1.0565733909607,1.0912408828735,1.0768142938614,1.0219913721085,1.1146986484528,1.0630501508713,1.0795319080353,1.062674164772,1.0912622213364,1.0778090953827,1.0284389257431,1.3011186122894,1.3920513391495,1.0818676948547,1.0286637544632,0.99201142787933,0.95081794261932,0.99512308835983,1.0077919960022,1.0157220363617,1.0494185686111,1.045632481575,1.0110145807266,1.0815826654434,1.0259109735489,1.0305291414261,1.0229465961456,1.0603324174881,1.0559035539627,0.99704015254974,1.2333022356033,1.3158582448959,1.0502574443817,0.9805936217308,0.95207226276398,0.90581202507019,0.95257031917572,0.94760870933533,0.97922456264496,1.020819067955,0.99950575828552,0.96524822711945,1.046483039856,0.99828267097473,0.99793064594269,0.99015367031097,1.0269320011139,1.035413146019,0.98254662752151,1.1774661540985,1.2783668041229,1.0253258943558,0.94126105308533,0.93980193138123,0.88252568244934,0.92392492294312,0.92276030778885,0.97060000896454,0.99255394935608,0.97744423151016,0.94345170259476,1.0354355573654,0.9806125164032,0.98840183019638,0.9940944314003,1.0237466096878,1.042090177536,0.98330128192902,1.0693757534027,1.2309764623642,1.0100547075272,0.94394212961197,0.91337066888809,0.86147689819336,0.9096953868866,0.92033368349075,0.97315108776093,0.97212380170822,0.96743935346603,0.9260556101799,1.027890086174,0.9660809636116,0.99719405174255,1.0035454034805,1.0134034156799,1.0142915248871,0.97708612680435,1.0718802213669,1.1953434944153,0.96880608797073,0.91877621412277,0.90341281890869,0.86075067520142,0.91817444562912,0.91164207458496,0.942038834095,0.95795756578445,0.94776338338852,0.92683398723602,0.99762451648712,0.93815571069717,0.94791465997696,0.95793884992599,0.9959534406662,1.0048147439957,0.94917976856232,1.0366357564926,1.1355504989624,0.94909805059433,0.90302169322968,0.88735854625702,0.83171790838242,0.8644757270813,0.86551743745804,0.91784846782684,0.94346284866333,0.92500776052475,0.89265006780624,0.96538263559341,0.90859466791153,0.92577183246613,0.9206058382988,0.94386804103851,0.95237749814987,0.90223163366318,1.00257563591,1.1186230182648,0.93189960718155,0.87529170513153,0.87102752923965,0.81135618686676,0.84180951118469,0.84873265028,0.89966779947281,0.90979427099228,0.9046590924263,0.87069809436798,0.95506370067596,0.89490699768066,0.91218656301498,0.90511518716812,0.92843145132065,0.93185245990753,0.88519185781479,0.97859990596771,1.091796040535,0.90944719314575,0.85990512371063,0.85723662376404,0.79770636558533,0.8284684419632,0.84067922830582,0.88501703739166,0.89771515130997,0.89352583885193,0.85718500614166,0.94317811727524,0.88896954059601,0.90477871894836,0.91148781776428,0.93300759792328,0.94778734445572,0.89512342214584,0.92061501741409,1.0355217456818,0.8866423368454,0.83821165561676,0.84179431200027,0.78872036933899,0.82150816917419,0.82023894786835,0.86717563867569,0.87859803438187,0.87376248836517,0.85139656066895,0.93386429548264,0.87850910425186,0.90201848745346,0.89123195409775,0.92031478881836,0.92937910556793,0.87447798252106,0.91767662763596,1.0235930681229,0.87875008583069,0.83403182029724,0.83574986457825,0.78710108995438,0.81533187627792,0.81430369615555,0.85403650999069,0.86775857210159,0.8626771569252,0.83475351333618,0.91680544614792,0.86542683839798,0.89221853017807,0.88609862327576,0.91152083873749,0.92109662294388,0.85849547386169,0.90511816740036,1.0125850439072,0.86971294879913,0.8276829123497,0.82749688625336,0.782341837883,0.81007343530655,0.81029284000397,0.85017144680023,0.86147093772888,0.85645920038223,0.82581746578217,0.90640711784363,0.85490751266479,0.88063126802444,0.87985992431641,0.90546357631683,0.91620349884033,0.85193198919296,0.8991265296936,1.0032498836517,0.86225116252899,0.81895142793655,0.81703919172287,0.77392053604126,0.80322605371475,0.80832481384277,0.8483299612999,0.85928821563721,0.84994775056839,0.81743395328522,0.89423209428787,0.84183412790298,0.86767691373825,0.87030762434006,0.90013486146927,0.91090768575668,0.84547793865204,0.89287382364273,0.99329024553299,0.847900390625,0.80695974826813,0.80737388134003,0.75656747817993,0.78583598136902,0.78996509313583,0.83409315347672,0.84544396400452,0.84304773807526,0.81130516529083,0.89395850896835,0.83541172742844,0.86272042989731,0.86173683404922,0.89186614751816,0.9059933423996,0.85070812702179,0.86589741706848,0.97280704975128,0.84383851289749,0.79762107133865,0.80052751302719,0.74365735054016,0.77690702676773,0.78367853164673,0.83121436834335,0.84492236375809,0.84688979387283,0.82243531942368,0.90892219543457,0.84381461143494,0.86840230226517,0.85911297798157,0.88095480203629,0.87878251075745,0.83477306365967,0.86386293172836,0.97361952066422,0.85295903682709,0.81135600805283,0.81728178262711,0.7496936917305,0.78569149971008,0.78221994638443,0.82528734207153,0.82401555776596,0.83320146799088,0.80764198303223,0.89811640977859,0.84093672037125,0.87213939428329,0.85940754413605,0.88147222995758,0.87087488174438,0.82975822687149,0.85317438840866,0.95867037773132,0.83619123697281,0.79548346996307,0.80532795190811,0.7433443069458,0.78287035226822,0.78166520595551,0.82304328680038,0.81726694107056,0.82526761293411,0.79411846399307,0.88211822509766,0.82672166824341,0.85798275470734,0.84772568941116,0.87079274654388,0.86395663022995,0.82121795415878,0.84760642051697,0.95190680027008,0.82754993438721,0.78733533620834,0.79653853178024,0.73623859882355,0.77447921037674,0.77628463506699,0.81827545166016,0.81433486938477,0.81954962015152,0.78705221414566,0.87323653697968,0.81825870275497,0.84866577386856,0.84129458665848,0.86327505111694,0.85940891504288,0.81292152404785,0.84279716014862,0.94666010141373,0.82021522521973,0.78053450584412,0.78455585241318,0.7292697429657,0.75966930389404,0.7651082277298,0.81086218357086,0.8122147321701,0.81665998697281,0.78528189659119,0.87001895904541,0.8129910826683,0.84249126911163,0.84029978513718,0.86241441965103,0.86354261636734,0.81831347942352,0.82786041498184,0.93445008993149,0.81491720676422,0.77444225549698,0.78471034765244,0.72407257556915,0.76091337203979,0.76576924324036,0.8098212480545,0.81038981676102,0.81305944919586,0.78155487775803,0.86319011449814,0.81150770187378,0.83859837055206,0.83658957481384,0.85881960391998,0.85606974363327,0.81471705436707,0.82548534870148,0.93440532684326,0.81135261058807,0.77047103643417,0.77798712253571,0.72036957740784,0.7572358250618,0.76261222362518,0.80725961923599,0.80843526124954,0.81068927049637,0.77813023328781,0.85667675733566,0.80516642332077,0.8294261097908,0.83069008588791,0.85181373357773,0.85065305233002,0.80908316373825,0.82373398542404,0.93306165933609,0.81073379516602,0.76908951997757,0.77474755048752,0.7181271314621,0.75259584188461,0.75801223516464,0.80252015590668,0.80446130037308,0.80782264471054,0.77567005157471,0.85533201694489,0.80288904905319,0.82618778944016,0.82790821790695,0.84760290384293,0.84597843885422,0.80467313528061,