{"i":1000,"val_loss_history":[4.296276807785],"val_loss_history_it":[1000],"forward_backward_times":{},"opt":{"max_epochs":400,"checkpoint_every":1000,"batch_size":50,"memory_benchmark":0,"init_from":"cv\/startrek_128_len10_8_6800.t7","grad_clip":5,"model_type":"lstm","lr_decay_every":5,"print_every":1,"wordvec_size":64,"seq_length":10,"input_json":"\/Users\/danhon\/dev\/data\/star-trek-titles.txt.json","num_layers":2,"input_h5":"\/Users\/danhon\/dev\/data\/star-trek-titles.txt.h5","reset_iterations":1,"rnn_size":128,"dropout":0,"checkpoint_name":"cv\/startrek_128_len10_9","batchnorm":0,"learning_rate":0.002,"speed_benchmark":0,"gpu_backend":"cuda","lr_decay_factor":0.5,"gpu":-1},"train_loss_history":[0.83037352561951,0.35392752289772,0.30748271942139,0.37870880961418,0.35786160826683,0.40711370110512,0.46008741855621,0.43217092752457,0.427170753479,0.46334418654442,0.47590833902359,0.46364319324493,0.44715124368668,0.46705558896065,0.50263243913651,0.53007811307907,0.22159534692764,0.25757291913033,0.35883823037148,0.36617514491081,0.37432473897934,0.35832363367081,0.37172877788544,0.40557497739792,0.43560317158699,0.44310903549194,0.41577437520027,0.41998636722565,0.4358181655407,0.42867577075958,0.44105300307274,0.47534692287445,0.47971704602242,0.19646921753883,0.23483039438725,0.31169468164444,0.34157419204712,0.34341651201248,0.31798687577248,0.35229590535164,0.38845255970955,0.36126244068146,0.38847389817238,0.37648639082909,0.41660916805267,0.37757468223572,0.40169921517372,0.37310457229614,0.41237372159958,0.42158159613609,0.18615324795246,0.22339701652527,0.26324877142906,0.30503073334694,0.32181590795517,0.32329136133194,0.33359199762344,0.33722519874573,0.34519377350807,0.35496959090233,0.32297137379646,0.38711470365524,0.35106465220451,0.35967230796814,0.37316161394119,0.39030623435974,0.41261187195778,0.17500811815262,0.20078098773956,0.21190260350704,0.23336431384087,0.25331288576126,0.2406180202961,0.2791041135788,0.29532989859581,0.2975178360939,0.30796632170677,0.28782725334167,0.32494774460793,0.31296342611313,0.30736315250397,0.33737504482269,0.35922932624817,0.37585514783859,0.16423796117306,0.14885787665844,0.18647509813309,0.20559053122997,0.23079630732536,0.2425933778286,0.27362439036369,0.2761621773243,0.28231087327003,0.27012333273888,0.27774089574814,0.31926774978638,0.29476651549339,0.28288954496384,0.31722709536552,0.32231360673904,0.33249551057816,0.14934812486172,0.15324901044369,0.20007832348347,0.23128637671471,0.2348809838295,0.25893822312355,0.2598332464695,0.27344080805779,0.27550977468491,0.25918710231781,0.25641626119614,0.29125329852104,0.29482218623161,0.2849967777729,0.30538973212242,0.31757059693336,0.31887871026993,0.14473909139633,0.14944390952587,0.18098522722721,0.20814977586269,0.23400710523129,0.25683361291885,0.27678459882736,0.28984549641609,0.27940574288368,0.27583789825439,0.25530019402504,0.28426751494408,0.27142253518105,0.26954090595245,0.31019359827042,0.32348236441612,0.33810713887215,0.14503400027752,0.15309442579746,0.19521622359753,0.20759102702141,0.22292910516262,0.22635564208031,0.24676501750946,0.26349371671677,0.25514152646065,0.27096310257912,0.25255450606346,0.29274871945381,0.28912204504013,0.26952141523361,0.29780429601669,0.28759115934372,0.31030321121216,0.14039313793182,0.13386915624142,0.17113918066025,0.17103086411953,0.19286404550076,0.1902527064085,0.2221764177084,0.23214228451252,0.23496332764626,0.23926492035389,0.23024794459343,0.24700516462326,0.24147982895374,0.23554156720638,0.26491710543633,0.27588766813278,0.29024991393089,0.13280165195465,0.11041560024023,0.15121264755726,0.16512823104858,0.19820575416088,0.20249411463737,0.23289525508881,0.25023782253265,0.23549020290375,0.21730354428291,0.21943615376949,0.24239073693752,0.23472516238689,0.2265000641346,0.26382422447205,0.27178847789764,0.28418901562691,0.13166789710522,0.1196838542819,0.14978741109371,0.1666151881218,0.18735235929489,0.19821338355541,0.21409006416798,0.23877713084221,0.23261567950249,0.21841050684452,0.21920773386955,0.24416400492191,0.2334647923708,0.21543002128601,0.24446035921574,0.25615632534027,0.27577376365662,0.13136002421379,0.1253495067358,0.16559827327728,0.17159180343151,0.19134478271008,0.20186145603657,0.21398274600506,0.23273445665836,0.22476300597191,0.21303774416447,0.2085038870573,0.23410812020302,0.22981317341328,0.20853373408318,0.2429434210062,0.25979188084602,0.24901588261127,0.12958273291588,0.11326452344656,0.15342511236668,0.1618213057518,0.18994645774364,0.1900637447834,0.21578772366047,0.23692587018013,0.22269678115845,0.19858944416046,0.19313970208168,0.21858689188957,0.21474905312061,0.1977041810751,0.24046242237091,0.25447684526443,0.25059303641319,0.1290757805109,0.10570458322763,0.13401161134243,0.14458994567394,0.16434517502785,0.16709408164024,0.18826213479042,0.20683138072491,0.20524400472641,0.18525578081608,0.1842108219862,0.21004548668861,0.20195353031158,0.18747334182262,0.21702970564365,0.23220397531986,0.24405227601528,0.12259834259748,0.094000369310379,0.12710823118687,0.13706965744495,0.15733534097672,0.16278882324696,0.18838062882423,0.20085768401623,0.20448367297649,0.18131190538406,0.18458168208599,0.2059675604105,0.19562709331512,0.18698698282242,0.21160838007927,0.22603119909763,0.24279078841209,0.12250255048275,0.09646612405777,0.13060401380062,0.14387114346027,0.16129922866821,0.16363470256329,0.18664444983006,0.1980174779892,0.19837287068367,0.17973643541336,0.17964878678322,0.2018691599369,0.1978036314249,0.18455529212952,0.21048656105995,0.21399126946926,0.23167404532433,0.12122748792171,0.093727126717567,0.12440483272076,0.13878746330738,0.15932936966419,0.1575094461441,0.18179406225681,0.19064573943615,0.19235101342201,0.17598283290863,0.17430651187897,0.19544620811939,0.18927595019341,0.17634746432304,0.20165745913982,0.20584610104561,0.22307260334492,0.12039361149073,0.091985478997231,0.12032444775105,0.13334465026855,0.15254853665829,0.15623234212399,0.1782084107399,0.18676634132862,0.18829722702503,0.17026354372501,0.16861824691296,0.1888757199049,0.18388570845127,0.17060349881649,0.196194678545,0.20375518500805,0.21995466947556,0.1200347840786,0.089812874794006,0.11757696419954,0.12840831279755,0.14761969447136,0.15326534211636,0.17477963864803,0.18449945747852,0.18603220582008,0.16780304908752,0.16777773201466,0.18743272125721,0.18267329037189,0.16893507540226,0.19630071520805,0.20450592041016,0.22329799830914,0.11767560243607,0.085501573979855,0.11472330987453,0.12581624090672,0.14401054382324,0.14978030323982,0.17268586158752,0.18194150924683,0.18332298099995,0.16615071892738,0.16509172320366,0.18520344793797,0.1797257065773,0.16635195910931,0.19472998380661,0.20034362375736,0.21933667361736,0.11747242510319,0.084895692765713,0.11355952173471,0.12530122697353,0.14313028752804,0.1487448066473,0.17102341353893,0.17955067753792,0.18168790638447,0.16555586457253,0.16246494650841,0.1818530857563,0.1781202852726,0.16352419555187,0.19188465178013,0.19649396836758,0.2154516428709,0.11722607910633,0.084923043847084,0.11257158964872,0.12376491725445,0.1414729654789,0.14839673042297,0.16954311728477,0.17826151847839,0.1799637824297,0.1637192517519,0.16146004199982,0.17950449883938,0.17604115605354,0.16078025102615,0.18977725505829,0.19401571154594,0.21273452043533,0.11706772446632,0.084680490195751,0.11231651902199,0.1235064342618,0.14089399576187,0.14750479161739,0.16881200671196,0.17715330421925,0.17870363593102,0.16236372292042,0.15984192490578,0.17767679691315,0.17428463697433,0.1589342802763,0.18754993379116,0.19160355627537,0.21033562719822,0.11685850471258,0.084323614835739,0.11129656434059,0.12252873927355,0.14042380452156,0.14688883721828,0.1678050160408,0.175821647048,0.17781732976437,0.16082452237606,0.15967787802219,0.17735709249973,0.17437624931335,0.15919221937656,0.18754282593727,0.19279417395592,0.21242992579937,0.11567344516516,0.082150481641293,0.10946682095528,0.12107405811548,0.13903437554836,0.14483197033405,0.16698017716408,