{"i":1000,"val_loss_history":[3.9243055582047],"val_loss_history_it":[1000],"forward_backward_times":{},"opt":{"max_epochs":400,"checkpoint_every":1000,"batch_size":50,"memory_benchmark":0,"init_from":"cv\/startrek_128_len10_7_3400.t7","grad_clip":5,"model_type":"lstm","lr_decay_every":5,"print_every":1,"wordvec_size":64,"seq_length":10,"input_json":"\/Users\/danhon\/dev\/data\/star-trek-titles.txt.json","num_layers":2,"input_h5":"\/Users\/danhon\/dev\/data\/star-trek-titles.txt.h5","reset_iterations":1,"rnn_size":128,"dropout":0,"checkpoint_name":"cv\/startrek_128_len10_8","batchnorm":0,"learning_rate":0.002,"speed_benchmark":0,"gpu_backend":"cuda","lr_decay_factor":0.5,"gpu":-1},"train_loss_history":[0.9749368429184,0.46750554442406,0.49194130301476,0.5346651673317,0.5300430059433,0.56796020269394,0.59651899337769,0.56055617332458,0.61997783184052,0.63055211305618,0.66174471378326,0.65922939777374,0.63155883550644,0.63756626844406,0.67954641580582,0.69008630514145,0.31902581453323,0.41898423433304,0.45956662297249,0.48143664002419,0.5083994269371,0.48724249005318,0.52594518661499,0.53605443239212,0.55146223306656,0.57006680965424,0.56183284521103,0.56451857089996,0.58464777469635,0.59714907407761,0.58670473098755,0.63839614391327,0.62743419408798,0.28771296143532,0.37985387444496,0.39598450064659,0.47086307406425,0.46855166554451,0.44088688492775,0.46009594202042,0.51378256082535,0.52565836906433,0.53913164138794,0.50744241476059,0.53651875257492,0.54401725530624,0.58040797710419,0.54222524166107,0.585005402565,0.57998710870743,0.26474949717522,0.34646615386009,0.38180550932884,0.41513386368752,0.44243782758713,0.4516849219799,0.46586441993713,0.50102090835571,0.47785350680351,0.50072878599167,0.49208655953407,0.50438791513443,0.5187708735466,0.52677178382874,0.52506405115128,0.55351650714874,0.55952870845795,0.25739762187004,0.32172086834908,0.34872996807098,0.37407886981964,0.41342040896416,0.381895840168,0.40210130810738,0.43676200509071,0.44413179159164,0.46311298012733,0.45178261399269,0.49465110898018,0.49952581524849,0.49027591943741,0.48347553610802,0.5395947098732,0.55523800849915,0.2229717373848,0.27903187274933,0.34209495782852,0.3923534154892,0.39277601242065,0.38444256782532,0.39283069968224,0.44250348210335,0.45505911111832,0.48649081587791,0.44935354590416,0.48822638392448,0.47558718919754,0.49091929197311,0.46577879786491,0.49828737974167,0.49505451321602,0.22071273624897,0.30002769827843,0.32758367061615,0.38792219758034,0.38965344429016,0.39944410324097,0.40346068143845,0.42379486560822,0.41389510035515,0.42650258541107,0.42001986503601,0.44527438282967,0.4468746483326,0.46980226039886,0.48433515429497,0.49420854449272,0.48073342442513,0.21366937458515,0.26839715242386,0.30532529950142,0.35697409510612,0.36594381928444,0.3848560154438,0.38291835784912,0.39807960391045,0.40022671222687,0.40612837672234,0.39721837639809,0.43339085578918,0.44287547469139,0.44700619578362,0.44883531332016,0.45882070064545,0.46710678935051,0.20934943854809,0.2575016617775,0.29457715153694,0.33685511350632,0.35983404517174,0.36356788873672,0.38983196020126,0.40454986691475,0.39240178465843,0.39537164568901,0.38751965761185,0.40629827976227,0.40920257568359,0.42373365163803,0.43861347436905,0.45904758572578,0.46721982955933,0.20576879382133,0.24888432025909,0.27929538488388,0.29637449979782,0.31595441699028,0.31707987189293,0.33886662125587,0.36148902773857,0.36297923326492,0.37338536977768,0.36289298534393,0.39221006631851,0.38515689969063,0.38761094212532,0.40313410758972,0.43388876318932,0.44080877304077,0.18820650875568,0.22002050280571,0.25854197144508,0.29083475470543,0.31184673309326,0.31328466534615,0.33179438114166,0.36165910959244,0.35178595781326,0.35501581430435,0.35113015770912,0.39333003759384,0.37547546625137,0.3866394162178,0.40105721354485,0.41879218816757,0.43429327011108,0.18826366961002,0.22747820615768,0.26962375640869,0.29478147625923,0.32579305768013,0.31146690249443,0.32931131124496,0.36148151755333,0.35563635826111,0.35603073239326,0.35929003357887,0.3855072259903,0.37026768922806,0.36860078573227,0.38412350416183,0.40827775001526,0.42668908834457,0.18888947367668,0.23907047510147,0.27741059660912,0.29195812344551,0.31779634952545,0.31557500362396,0.32318931818008,0.36098316311836,0.35128617286682,0.35399571061134,0.34610715508461,0.37448906898499,0.36845833063126,0.36329606175423,0.37399980425835,0.41037291288376,0.3966808617115,0.18783186376095,0.22864499688148,0.27493190765381,0.29413467645645,0.31933492422104,0.3129997253418,0.32014417648315,0.34971469640732,0.33274817466736,0.33388721942902,0.32879975438118,0.37046492099762,0.36528488993645,0.36197423934937,0.37666004896164,0.40403246879578,0.38563019037247,0.18538872897625,0.21050308644772,0.24184192717075,0.2558405995369,0.28173837065697,0.27922296524048,0.29600745439529,0.32556334137917,0.32195988297462,0.3172182738781,0.31510618329048,0.3480868935585,0.33584409952164,0.33404868841171,0.34859809279442,0.37912777066231,0.38270464539528,0.17486870288849,0.19266390800476,0.23379047214985,0.25017249584198,0.27736046910286,0.27409282326698,0.29437458515167,0.32288944721222,0.32448464632034,0.31242397427559,0.30855625867844,0.34264266490936,0.33137553930283,0.33168351650238,0.34842246770859,0.37829795479774,0.38218170404434,0.17427119612694,0.19264797866344,0.23315408825874,0.25004404783249,0.27448964118958,0.27719387412071,0.29465615749359,0.32118251919746,0.32014706730843,0.30850812792778,0.30235803127289,0.33141630887985,0.32267221808434,0.3285459280014,0.34547719359398,0.36961218714714,0.37906301021576,0.17280013859272,0.19136044383049,0.22433575987816,0.24142383038998,0.26436960697174,0.26247352361679,0.28429940342903,0.31326016783714,0.31441903114319,0.30670842528343,0.30392417311668,0.33025273680687,0.31631353497505,0.3149841427803,0.33026376366615,0.35249921679497,0.36302909255028,0.17144170403481,0.19271045923233,0.22422875463963,0.24267938733101,0.26312625408173,0.25933963060379,0.2775140106678,0.30499199032784,0.30595180392265,0.29737734794617,0.29666593670845,0.32321092486382,0.31454640626907,0.30964282155037,0.32222506403923,0.34636056423187,0.34999078512192,0.17019619047642,0.18683029711246,0.21878522634506,0.23552289605141,0.25811088085175,0.25796839594841,0.27651292085648,0.30337691307068,0.30067270994186,0.29363054037094,0.29181492328644,0.32039165496826,0.31052258610725,0.30932226777077,0.32367825508118,0.34981101751328,0.35605669021606,0.16600522398949,0.17976196110249,0.21464666724205,0.23136161267757,0.25402009487152,0.25251737236977,0.27229854464531,0.29816418886185,0.29822427034378,0.29088079929352,0.28746780753136,0.31662085652351,0.30794280767441,0.30659210681915,0.31980574131012,0.34589979052544,0.35106566548347,0.16563382744789,0.1786336004734,0.21344693005085,0.23039545118809,0.25244262814522,0.25100579857826,0.27115878462791,0.29652926325798,0.29570472240448,0.28877851366997,0.28421685099602,0.31379652023315,0.30401149392128,0.30326494574547,0.31677320599556,0.34059637784958,0.34599205851555,0.16515518724918,0.17805045843124,0.21231096982956,0.22845311462879,0.25022283196449,0.24988141655922,0.26899430155754,0.29450085759163,0.2928352355957,0.28658193349838,0.28233790397644,0.31080415844917,0.30137142539024,0.29955565929413,0.31423285603523,0.33737742900848,0.34193977713585,0.16476584970951,0.17749428749084,0.21178767085075,0.22738119959831,0.2489251345396,0.24856069684029,0.26798143982887,0.29309216141701,0.29125207662582,0.28461062908173,0.28013011813164,0.30858597159386,0.29871711134911,0.29672986268997,0.3114218711853,0.33445116877556,0.33916425704956,0.16430896520615,0.17695346474648,0.21039095520973,0.22613614797592,0.24850869178772,0.24724349379539,0.26700296998024,0.29212936758995,0.28903132677078,0.28233480453491,0.27932587265968,0.30869871377945,0.29832410812378,0.29710412025452,0.31198933720589,0.33602875471115,0.3416708111763,0.16226729750633,0.17343619465828,0.20780819654465,0.22346091270447,0.24695137143135,0.24501721560955,