{"i":1000,"val_loss_history":[3.5395303964615],"val_loss_history_it":[1000],"forward_backward_times":{},"opt":{"max_epochs":200,"checkpoint_every":1000,"batch_size":50,"memory_benchmark":0,"init_from":"cv\/startrek_128_len10_6_3400.t7","grad_clip":5,"model_type":"lstm","lr_decay_every":5,"print_every":1,"wordvec_size":64,"seq_length":10,"input_json":"\/Users\/danhon\/dev\/data\/star-trek-titles.txt.json","num_layers":2,"input_h5":"\/Users\/danhon\/dev\/data\/star-trek-titles.txt.h5","reset_iterations":1,"rnn_size":128,"dropout":0,"checkpoint_name":"cv\/startrek_128_len10_7","batchnorm":0,"learning_rate":0.002,"speed_benchmark":0,"gpu_backend":"cuda","lr_decay_factor":0.5,"gpu":-1},"train_loss_history":[1.1432589292526,0.64406478404999,0.72459942102432,0.72429609298706,0.73814404010773,0.76071333885193,0.7771081328392,0.79431092739105,0.85867577791214,0.85358422994614,0.86140543222427,0.89693242311478,0.86415195465088,0.85425424575806,0.91901516914368,0.94360256195068,0.47625622153282,0.62218815088272,0.60576987266541,0.6905597448349,0.69591635465622,0.66490399837494,0.7135978937149,0.72157448530197,0.71704852581024,0.7369481921196,0.74245721101761,0.75935608148575,0.78804290294647,0.78736561536789,0.79552263021469,0.86686587333679,0.82699102163315,0.41418328881264,0.58711498975754,0.59393882751465,0.69429731369019,0.67968142032623,0.62834692001343,0.65057104825974,0.75676709413528,0.77570784091949,0.77200275659561,0.73521882295609,0.79206603765488,0.87861388921738,0.86550849676132,0.76743710041046,0.82964545488358,0.87094902992249,0.43744584918022,0.64792448282242,0.63207501173019,0.68154436349869,0.70701396465302,0.69676768779755,0.72021722793579,0.75497257709503,0.72295200824738,0.77881556749344,0.78295224905014,0.76718366146088,0.79301410913467,0.82400274276733,0.81752324104309,0.80538058280945,0.84613865613937,0.42542588710785,0.56458026170731,0.56286633014679,0.60961961746216,0.63108366727829,0.57263731956482,0.60850155353546,0.65464079380035,0.68463158607483,0.72127622365952,0.71649193763733,0.68723183870316,0.72086709737778,0.73161333799362,0.72836649417877,0.77745044231415,0.79369026422501,0.35075825452805,0.48889756202698,0.52423822879791,0.60530304908752,0.59988468885422,0.5603786110878,0.57021743059158,0.62528264522552,0.62461191415787,0.65570586919785,0.6459527015686,0.6741269826889,0.69553124904633,0.70057690143585,0.67789632081985,0.71066635847092,0.73212862014771,0.33705943822861,0.47891077399254,0.47672316431999,0.55098122358322,0.54476696252823,0.53013777732849,0.53924065828323,0.58485144376755,0.58895349502563,0.62274849414825,0.6151065826416,0.64498740434647,0.65689319372177,0.6659140586853,0.62544202804565,0.6645547747612,0.68137145042419,0.32624155282974,0.46513071656227,0.45761355757713,0.55008590221405,0.54789632558823,0.52993816137314,0.5389449596405,0.55731934309006,0.56530845165253,0.58864653110504,0.5800473690033,0.6251699924469,0.63326197862625,0.64489102363586,0.61750453710556,0.66212743520737,0.65778529644012,0.31653067469597,0.44097512960434,0.44438815116882,0.53085017204285,0.53505271673203,0.52404546737671,0.53309494256973,0.56270521879196,0.55636703968048,0.5788249373436,0.57324105501175,0.5949649810791,0.61078357696533,0.61979568004608,0.61405682563782,0.64711606502533,0.64604133367538,0.31319355964661,0.42873486876488,0.43320670723915,0.48157352209091,0.49383980035782,0.48120218515396,0.49710270762444,0.52960377931595,0.54008197784424,0.56302434206009,0.56209868192673,0.5724259018898,0.59385007619858,0.59957802295685,0.58887654542923,0.6265931725502,0.64329075813293,0.2889751791954,0.39496800303459,0.40909218788147,0.46383807063103,0.48241409659386,0.46923810243607,0.48141446709633,0.52600258588791,0.52650594711304,0.54319036006927,0.53737181425095,0.566969871521,0.57180595397949,0.5926342010498,0.57601743936539,0.6152338385582,0.62989002466202,0.28651520609856,0.39387625455856,0.40685725212097,0.45734149217606,0.47832143306732,0.46331462264061,0.47949701547623,0.51801651716232,0.52247667312622,0.53942668437958,0.53130370378494,0.5568887591362,0.56369662284851,0.57675290107727,0.56021618843079,0.60771125555038,0.62914156913757,0.28633391857147,0.39707818627357,0.41334879398346,0.45072165131569,0.46419209241867,0.46625220775604,0.46985712647438,0.5214849114418,0.52195286750793,0.54142510890961,0.52069085836411,0.54214531183243,0.53895515203476,0.55477327108383,0.54588741064072,0.59385508298874,0.60768365859985,0.28364193439484,0.39573103189468,0.4130152463913,0.45329716801643,0.46103346347809,0.4630124270916,0.46079161763191,0.50398272275925,0.50019872188568,0.51929718255997,0.50954461097717,0.54219698905945,0.54558658599854,0.54833734035492,0.53788727521896,0.573346555233,0.5699280500412,0.27813184261322,0.37908679246902,0.38502764701843,0.42615631222725,0.44370198249817,0.43658769130707,0.44624119997025,0.48882800340652,0.49014693498611,0.50531178712845,0.50014609098434,0.5242577791214,0.52684706449509,0.5378075838089,0.52455395460129,0.56815278530121,0.57597923278809,0.26523369550705,0.35697802901268,0.37708941102028,0.4153861105442,0.43596151471138,0.42928686738014,0.44080799818039,0.48458370566368,0.4886254966259,0.49815180897713,0.49325206875801,0.51886993646622,0.52864390611649,0.53099757432938,0.52289342880249,0.56932133436203,0.56408953666687,0.26552799344063,0.35656091570854,0.38570028543472,0.42164325714111,0.4391582608223,0.43341481685638,0.4397414624691,0.48488456010818,0.48588538169861,0.50038069486618,0.49085858464241,0.52036517858505,0.52177029848099,0.52486914396286,0.51722133159637,0.56126123666763,0.55865448713303,0.26443383097649,0.35320651531219,0.38243716955185,0.42368522286415,0.43725842237473,0.43624863028526,0.4351153075695,0.47628250718117,0.47174182534218,0.48959848284721,0.47975453734398,0.51284927129745,0.51086378097534,0.52299469709396,0.51585829257965,0.54855823516846,0.55065727233887,0.26158577203751,0.34621080756187,0.37221094965935,0.41030806303024,0.42627307772636,0.42600896954536,0.43101254105568,0.4729026556015,0.47010439634323,0.48113709688187,0.47469547390938,0.50101286172867,0.49958923459053,0.50917649269104,0.50728112459183,0.53900539875031,0.54150301218033,0.26007783412933,0.34477397799492,0.36668145656586,0.39993247389793,0.41728922724724,0.4139404296875,0.4201779961586,0.4638364315033,0.46384939551353,0.47645100951195,0.47072324156761,0.49753907322884,0.49969771504402,0.50276499986649,0.49977079033852,0.53859078884125,0.54269856214523,0.25403836369514,0.3350093960762,0.35974717140198,0.39282628893852,0.41213077306747,0.41133651137352,0.41515332460403,0.46169024705887,0.45991471409798,0.47433343529701,0.46485340595245,0.49184742569923,0.49485808610916,0.49823197722435,0.49722018837929,0.53676676750183,0.53602236509323,0.25360605120659,0.3334823846817,0.35670101642609,0.3921203315258,0.40881878137589,0.40826958417892,0.41314327716827,0.4578709602356,0.45761263370514,0.47103664278984,0.46249097585678,0.48935705423355,0.49012741446495,0.49456575512886,0.49167084693909,0.5296271443367,0.53177690505981,0.25256630778313,0.33233460783958,0.35551610589027,0.39012634754181,0.4067020714283,0.40570867061615,0.41086247563362,0.45473864674568,0.45439049601555,0.46815574169159,0.45920684933662,0.48653042316437,0.48690649867058,0.49029204249382,0.48772522807121,0.52524197101593,0.52542579174042,0.25182044506073,0.33137109875679,0.35459008812904,0.38865533471107,0.40525078773499,0.40485668182373,0.40933126211166,0.45356225967407,0.45223447680473,0.46560674905777,0.45600289106369,0.48387467861176,0.4832715690136,0.48715281486511,0.48456007242203,0.5222100019455,0.52142518758774,0.25111737847328,0.3301263153553,0.35257223248482,0.38671311736107,0.40427139401436,0.40279108285904,0.40852230787277,0.45158901810646,0.45000565052032,0.46279901266098,0.45431289076805,0.48376986384392,0.48318502306938,0.48745900392532,0.48510494828224,0.52432268857956,0.52554780244827,0.24810771644115,0.32528454065323,0.34938755631447,0.38295128941536,0.40134683251381,0.4006699025631,0.40620920062065,