{"i":1000,"val_loss_history":[3.164653301239],"val_loss_history_it":[1000],"forward_backward_times":{},"opt":{"max_epochs":100,"checkpoint_every":1000,"batch_size":50,"memory_benchmark":0,"init_from":"cv\/startrek_128_3_3500.t7","grad_clip":5,"model_type":"lstm","lr_decay_every":5,"print_every":1,"wordvec_size":64,"seq_length":5,"input_json":"\/Users\/danhon\/dev\/data\/star-trek-titles.txt.json","num_layers":2,"input_h5":"\/Users\/danhon\/dev\/data\/star-trek-titles.txt.h5","reset_iterations":1,"rnn_size":128,"dropout":0,"checkpoint_name":"cv\/startrek_128_4","batchnorm":0,"learning_rate":0.002,"speed_benchmark":0,"gpu_backend":"cuda","lr_decay_factor":0.5,"gpu":-1},"train_loss_history":[1.9055839776993,1.0887765884399,1.1085014343262,0.97701597213745,1.0234262943268,0.9391468167305,0.96667522192001,0.99474012851715,1.0516929626465,1.0101679563522,1.0046738386154,1.0664478540421,0.97532683610916,1.0486427545547,1.1971279382706,1.0042642354965,1.1132189035416,1.109356880188,0.98793089389801,1.1797924041748,1.2052377462387,1.2018514871597,1.0706423521042,1.1453340053558,1.1677650213242,1.1166256666183,1.2433468103409,1.1765377521515,1.2858188152313,1.0892767906189,1.1635011434555,1.1949014663696,1.2448217868805,1.2304816246033,0.81708759069443,0.82591938972473,0.85988706350327,1.0198254585266,0.88071542978287,0.91430616378784,0.87625330686569,0.88487708568573,0.92798626422882,0.92938566207886,0.90757721662521,0.88720798492432,0.91992026567459,0.89113503694534,0.95574575662613,1.1197875738144,0.93834429979324,0.98745554685593,1.006575345993,0.91659778356552,1.0423016548157,1.0633246898651,1.0942813158035,0.98581254482269,1.0541702508926,1.1396664381027,1.043732881546,1.1680456399918,1.0938732624054,1.1933614015579,1.0238996744156,1.1017653942108,1.1124858856201,1.1591813564301,1.0919562578201,0.7344081401825,0.84243422746658,0.90259402990341,1.0432423353195,0.87516486644745,0.89101928472519,0.90723609924316,0.90280938148499,0.95001381635666,0.9756680727005,0.900275349617,0.86617147922516,0.89517784118652,0.89342349767685,0.96098428964615,1.1300798654556,0.919693171978,0.94016063213348,0.93804848194122,0.8889439702034,1.0201654434204,1.0519676208496,1.055566072464,0.93967294692993,0.97722280025482,1.0728998184204,1.0473042726517,1.1521612405777,1.0514677762985,1.1299294233322,0.97311061620712,1.0502541065216,1.0607318878174,1.1368061304092,1.0813211202621,0.71709400415421,0.73267877101898,0.82902425527573,1.0065867900848,0.93169504404068,0.94106382131577,0.8787430524826,0.83428859710693,0.86251431703568,0.90556532144547,0.93593811988831,0.93768757581711,0.9264931678772,0.87988758087158,0.93379908800125,1.118904709816,0.93436390161514,1.0205324888229,1.0407671928406,0.95605671405792,1.0577640533447,0.98615670204163,1.0896545648575,0.96244567632675,1.0579421520233,1.120790719986,1.0592842102051,1.0962343215942,1.0577797889709,1.1990497112274,0.99805200099945,1.057913184166,1.0580829381943,1.0650205612183,1.0659767389297,0.70664566755295,0.72386503219604,0.79998880624771,0.90388959646225,0.78055912256241,0.84898263216019,0.82060992717743,0.75952440500259,0.79835689067841,0.84584617614746,0.81095856428146,0.79893088340759,0.82348883152008,0.82571017742157,0.90931910276413,1.0160101652145,0.81490010023117,0.90235167741776,0.86921793222427,0.83135962486267,0.9470272064209,0.96778482198715,0.99507248401642,0.86252957582474,0.91496497392654,1.0129525661469,0.97488224506378,1.0731854438782,0.96183598041534,1.0375835895538,0.89096218347549,0.9420040845871,0.98988085985184,1.0713309049606,1.0377144813538,0.63999772071838,0.62917506694794,0.75598245859146,0.84440964460373,0.70644426345825,0.77171915769577,0.73569518327713,0.72672325372696,0.76697897911072,0.81614983081818,0.79610222578049,0.78323936462402,0.77461838722229,0.74203145503998,0.83785355091095,0.96066862344742,0.78035563230515,0.85778713226318,0.82557666301727,0.79903453588486,0.88457643985748,0.87460005283356,0.94714212417603,0.79947376251221,0.8851752281189,0.91036760807037,0.85843133926392,0.98470777273178,0.86092764139175,0.99444901943207,0.86733210086823,0.90506917238235,0.92020893096924,0.96294641494751,0.93609172105789,0.60485190153122,0.59513008594513,0.77067828178406,0.81863129138947,0.73225206136703,0.73188775777817,0.72003924846649,0.70408296585083,0.76771998405457,0.7924290895462,0.75684958696365,0.73145085573196,0.78100192546844,0.72118091583252,0.81157678365707,0.92403262853622,0.77175003290176,0.81057405471802,0.81150311231613,0.75950920581818,0.84781980514526,0.82787615060806,0.89450085163116,0.76018071174622,0.86194384098053,0.87747824192047,0.80784320831299,0.92864674329758,0.78607332706451,0.96483111381531,0.83450657129288,0.8839128613472,0.87419718503952,0.91816866397858,0.87118738889694,0.59084039926529,0.56354635953903,0.73388433456421,0.79280936717987,0.70909011363983,0.71215862035751,0.70205289125443,0.67696690559387,0.73048484325409,0.74812358617783,0.70586615800858,0.70682996511459,0.73261624574661,0.68024230003357,0.75598353147507,0.87165969610214,0.73520070314407,0.78547674417496,0.76247560977936,0.72118031978607,0.78755480051041,0.77518379688263,0.85494375228882,0.72400760650635,0.81925112009048,0.83527320623398,0.77839607000351,0.89417296648026,0.75193166732788,0.92956733703613,0.77346974611282,0.83360540866852,0.82686787843704,0.88296514749527,0.82717162370682,0.57898992300034,0.5419499874115,0.71414119005203,0.75989866256714,0.6651383638382,0.68796080350876,0.67096984386444,0.63817942142487,0.70120346546173,0.71439439058304,0.68002527952194,0.6880139708519,0.69575613737106,0.64749550819397,0.69620907306671,0.82815945148468,0.69152534008026,0.75567829608917,0.72953879833221,0.69415867328644,0.7608271241188,0.74732768535614,0.84208905696869,0.69953471422195,0.77600067853928,0.79937428236008,0.74525189399719,0.86526203155518,0.72415697574615,0.88883751630783,0.72823441028595,0.79451406002045,0.79206162691116,0.85010135173798,0.78963166475296,0.56224536895752,0.52191430330276,0.68288862705231,0.72072160243988,0.61698877811432,0.66775822639465,0.64564436674118,0.5939936041832,0.65644735097885,0.6625342965126,0.63554745912552,0.63445514440536,0.66760140657425,0.61777716875076,0.66961389780045,0.79164254665375,0.65540701150894,0.72815370559692,0.69637137651443,0.66166388988495,0.71932369470596,0.7242733836174,0.82445383071899,0.67570036649704,0.75250947475433,0.79042059183121,0.72881352901459,0.84677994251251,0.70037811994553,0.85953706502914,0.71873933076859,0.79145926237106,0.79869931936264,0.87924057245255,0.8268831372261,0.53154575824738,0.47240000963211,0.64001482725143,0.68464142084122,0.59002721309662,0.64506995677948,0.63214457035065,0.58050388097763,0.64047890901566,0.6345112323761,0.61871361732483,0.61684173345566,0.65285450220108,0.6070568561554,0.64517486095428,0.78326690196991,0.64121294021606,0.71541780233383,0.6889431476593,0.64959621429443,0.70304369926453,0.70300477743149,0.80337429046631,0.65947061777115,0.74164324998856,0.77847051620483,0.71140265464783,0.8279612660408,0.68256610631943,0.83281296491623,0.69606423377991,0.75713151693344,0.75920015573502,0.84438747167587,0.78295880556107,0.52850526571274,0.47253003716469,0.64431023597717,0.69106107950211,0.59694617986679,0.63324165344238,0.6163843870163,0.57036572694778,0.63214063644409,0.62671673297882,0.61134260892868,0.59810948371887,0.64668452739716,0.58533954620361,0.63515031337738,0.75963091850281,0.62673449516296,0.70140314102173,0.6746654510498,0.63856738805771,0.68470823764801,0.68804812431335,0.78375279903412,0.64280009269714,0.72046118974686,0.74698281288147,0.6825162768364,0.79802513122559,0.65366142988205,0.8093067407608,0.67410951852798,0.73538160324097,0.73161399364471,0.81082439422607,0.74751275777817,0.52245008945465,0.46161699295044,0.63131606578827,0.6764475107193,0.58987337350845,0.62752598524094,0.60508930683136,0.56066912412643,0.62141770124435,0.6158310174942,0.60209333896637,0.58291304111481,0.63693964481354,0.5696634054184,0.6224889755249,0.74324893951416,0.61413568258286,