{"i":1000,"val_loss_history":[2.9418658018112],"val_loss_history_it":[1000],"forward_backward_times":{},"opt":{"max_epochs":100,"checkpoint_every":1000,"batch_size":50,"memory_benchmark":0,"init_from":"cv\/startrek_128_len10_4_1700.t7","grad_clip":5,"model_type":"lstm","lr_decay_every":5,"print_every":1,"wordvec_size":64,"seq_length":10,"input_json":"\/Users\/danhon\/dev\/data\/star-trek-titles.txt.json","num_layers":2,"input_h5":"\/Users\/danhon\/dev\/data\/star-trek-titles.txt.h5","reset_iterations":1,"rnn_size":128,"dropout":0,"checkpoint_name":"cv\/startrek_128_len10_5","batchnorm":0,"learning_rate":0.002,"speed_benchmark":0,"gpu_backend":"cuda","lr_decay_factor":0.5,"gpu":-1},"train_loss_history":[1.5655020475388,1.2034236192703,1.2874495983124,1.3103703260422,1.2060158252716,1.2615256309509,1.3027378320694,1.2912817001343,1.3749396800995,1.3679096698761,1.3591555356979,1.3749802112579,1.3316611051559,1.3375852108002,1.3883620500565,1.4900794029236,0.94932836294174,1.220800280571,1.1450752019882,1.2253465652466,1.2029979228973,1.1163380146027,1.2138884067535,1.2046965360641,1.1925038099289,1.2874594926834,1.2660619020462,1.253116607666,1.2766754627228,1.2897971868515,1.2821336984634,1.3452031612396,1.3917833566666,0.85007077455521,1.1500065326691,1.1093666553497,1.2042120695114,1.1570899486542,1.0825148820877,1.179278254509,1.1696426868439,1.1845288276672,1.2304762601852,1.2162903547287,1.2198510169983,1.2696849107742,1.2672129869461,1.2596400976181,1.3029561042786,1.3725951910019,0.84948176145554,1.159983754158,1.0621404647827,1.1707847118378,1.1477608680725,1.1050418615341,1.1546573638916,1.1640112400055,1.1639963388443,1.2527997493744,1.2109839916229,1.1986753940582,1.2621673345566,1.2868227958679,1.2228730916977,1.2559312582016,1.3258347511292,0.84443920850754,1.1331588029861,1.0354444980621,1.1417195796967,1.1017961502075,1.0413632392883,1.0919935703278,1.1074924468994,1.1292763948441,1.2651382684708,1.2099316120148,1.1973041296005,1.1900298595428,1.2218950986862,1.1951231956482,1.2717252969742,1.3359419107437,0.75154519081116,1.0271881818771,0.9805753827095,1.0994268655777,1.0817984342575,1.0049570798874,1.0909283161163,1.0803351402283,1.0750453472137,1.1573773622513,1.1278239488602,1.1478167772293,1.176845908165,1.1871712207794,1.1544157266617,1.2050236463547,1.2429002523422,0.73156762123108,1.0334045886993,0.98168861865997,1.0686962604523,1.0446373224258,0.99126988649368,1.0690727233887,1.0435522794724,1.0449420213699,1.1296943426132,1.0916624069214,1.1401269435883,1.1630966663361,1.1537528038025,1.1232857704163,1.1740919351578,1.2076884508133,0.71930849552155,0.99137502908707,0.95819741487503,1.0574638843536,1.0304996967316,0.96862387657166,1.0366456508636,1.0175409317017,1.026326417923,1.0978579521179,1.0748335123062,1.1028792858124,1.1333591938019,1.1326729059219,1.1075865030289,1.1489812135696,1.1796090602875,0.69598311185837,0.96230059862137,0.92190116643906,1.035272359848,1.0096136331558,0.94201749563217,1.0144801139832,1.0063517093658,1.0088847875595,1.0713360309601,1.0375958681107,1.0614538192749,1.1051669120789,1.1039419174194,1.0782082080841,1.1257212162018,1.1554224491119,0.68058621883392,0.94887113571167,0.8949282169342,0.99759739637375,0.96156698465347,0.9165318608284,0.99265068769455,0.98222035169601,0.99375408887863,1.060139298439,1.033966422081,1.0491045713425,1.0818989276886,1.0836627483368,1.072119474411,1.1233595609665,1.157972574234,0.64055889844894,0.90209931135178,0.86683869361877,0.98329323530197,0.93934446573257,0.89897358417511,0.97769075632095,0.97393751144409,0.98204916715622,1.0368630886078,1.0123156309128,1.0272303819656,1.0670698881149,1.0657161474228,1.0614687204361,1.1128023862839,1.1324061155319,0.63769835233688,0.8971751332283,0.86695593595505,0.98279023170471,0.93188542127609,0.88347160816193,0.9545533657074,0.95995819568634,0.98231989145279,1.0369005203247,1.0212178230286,1.0246776342392,1.0535411834717,1.0416728258133,1.0361570119858,1.0923750400543,1.1151747703552,0.63297134637833,0.8982070684433,0.87440901994705,0.99541825056076,0.93819409608841,0.88101863861084,0.94923841953278,0.94911974668503,0.96599280834198,1.0219330787659,1.0106015205383,1.0242018699646,1.0568355321884,1.0427770614624,1.0314719676971,1.0829515457153,1.0965102910995,0.62260073423386,0.88863360881805,0.87461918592453,1.0113897323608,0.95615321397781,0.90043526887894,0.96324002742767,0.95164757966995,0.95596575737,1.0066677331924,0.99163645505905,1.0130146741867,1.0624089241028,1.0541188716888,1.0548503398895,1.1033370494843,1.1120001077652,0.61704486608505,0.88293433189392,0.83899199962616,0.94378906488419,0.90660268068314,0.85714042186737,0.92560535669327,0.93263071775436,0.94325256347656,0.9947521686554,0.9759196639061,0.97913551330566,1.0256863832474,1.0199365615845,1.0211126804352,1.0851500034332,1.1090680360794,0.59804886579514,0.86038213968277,0.82657384872437,0.92941009998322,0.90594393014908,0.84712767601013,0.92054438591003,0.92709678411484,0.94499278068542,1.0010256767273,0.99777960777283,0.98332446813583,1.0337673425674,1.0198186635971,1.0029391050339,1.0702689886093,1.0918726921082,0.59652471542358,0.86760270595551,0.83577913045883,0.93148708343506,0.92266291379929,0.85856932401657,0.9318910241127,0.92537540197372,0.93344223499298,0.97706180810928,0.96174216270447,0.95867818593979,1.0125865936279,1.0150882005692,1.0075656175613,1.0727900266647,1.084361076355,0.59560590982437,0.84239691495895,0.80965447425842,0.90829217433929,0.8859521150589,0.83833891153336,0.91072678565979,0.917744576931,0.93212956190109,0.97467732429504,0.95323902368546,0.95178300142288,0.99405765533447,0.98882973194122,0.98499798774719,1.0525616407394,1.0732207298279,0.59307467937469,0.84339547157288,0.81127160787582,0.90976184606552,0.8777979016304,0.82757580280304,0.8961124420166,0.90642911195755,0.92309027910233,0.96883672475815,0.95354223251343,0.94638967514038,0.99343878030777,0.9815166592598,0.97205543518066,1.0340706110001,1.0544427633286,0.58713048696518,0.83876913785934,0.80135071277618,0.89886313676834,0.87217020988464,0.82551676034927,0.89122879505157,0.90059912204742,0.91684728860855,0.9581743478775,0.94589924812317,0.94231909513474,0.99131596088409,0.98220694065094,0.9748358130455,1.0422570705414,1.0604456663132,0.57631945610046,0.82633990049362,0.79542070627213,0.89201468229294,0.86976969242096,0.81682330369949,0.88192933797836,0.89214223623276,0.90904176235199,0.95313888788223,0.94147485494614,0.93725723028183,0.987020611763,0.97751635313034,0.96801799535751,1.0304024219513,1.0488677024841,0.57470685243607,0.82046538591385,0.78949010372162,0.88844561576843,0.86234050989151,0.81487363576889,0.87677550315857,0.88843387365341,0.90407657623291,0.94776368141174,0.93434107303619,0.93392592668533,0.97977989912033,0.97084295749664,0.96378219127655,1.0239403247833,1.0422291755676,0.57287180423737,0.8196012377739,0.7875115275383,0.88564813137054,0.85926735401154,0.812136054039,0.87411046028137,0.88625800609589,0.90188765525818,0.94484692811966,0.93352031707764,0.92961412668228,0.97638589143753,0.96678555011749,0.95877116918564,1.019553899765,1.0372226238251,0.57103353738785,0.81894987821579,0.78599309921265,0.88263964653015,0.85776501893997,0.80943983793259,0.87103915214539,0.88310396671295,0.89836138486862,0.94077461957932,0.92921531200409,0.92633235454559,0.97288244962692,0.96293252706528,0.95426219701767,1.0150166749954,1.0315357446671,0.56953483819962,0.81614929437637,0.78247344493866,0.8802524805069,0.85396063327789,0.80822652578354,0.86878347396851,0.88167059421539,0.89725995063782,0.93842744827271,0.92785346508026,0.92566990852356,0.97390389442444,0.96317458152771,0.95541173219681,1.0187350511551,1.0361329317093,0.56422555446625,0.80959171056747,0.77790993452072,0.87530320882797,0.85201442241669,0.80404740571976,0.86518377065659,0.87793475389481,0.89413875341415,0.93636381626129,0.92495822906494,0.923006772995,0.96913450956345,0.96043092012405,0.95260208845139,1.0142025947571,1.0312488079071,0.56367129087448,0.80747377872467,