{"i":1000,"val_loss_history":[2.4125126600266],"val_loss_history_it":[1000],"forward_backward_times":{},"opt":{"max_epochs":1600,"checkpoint_every":1000,"batch_size":50,"memory_benchmark":0,"init_from":"cv\/startrek_128_len17_1_800_12800.t7","grad_clip":5,"model_type":"lstm","lr_decay_every":5,"print_every":1,"wordvec_size":64,"seq_length":11,"input_json":"\/Users\/danhon\/dev\/data\/star-trek-titles.txt.json","num_layers":2,"input_h5":"\/Users\/danhon\/dev\/data\/star-trek-titles.txt.h5","reset_iterations":1,"rnn_size":128,"dropout":0,"checkpoint_name":"cv\/startrek_128_len17_2_1600","batchnorm":0,"learning_rate":0.002,"speed_benchmark":0,"gpu_backend":"cuda","lr_decay_factor":0.5,"gpu":-1},"train_loss_history":[2.3084959983826,2.2921285629272,2.2059235572815,2.1786906719208,2.2417027950287,2.2686140537262,2.2508046627045,2.2348785400391,2.2415306568146,2.191725730896,2.2666420936584,2.1928215026855,2.3563313484192,2.3035216331482,2.1784191131592,2.2643222808838,2.1947894096375,2.1541700363159,2.1456925868988,2.1096119880676,2.1668131351471,2.2131505012512,2.1876056194305,2.1672303676605,2.1896743774414,2.1093187332153,2.2100441455841,2.1325213909149,2.2989468574524,2.2123777866364,2.1021680831909,2.1985080242157,2.1501321792603,2.106983423233,2.0988643169403,2.0522723197937,2.1102161407471,2.1668305397034,2.1470069885254,2.1072058677673,2.1374905109406,2.0612943172455,2.1629645824432,2.0872046947479,2.2448136806488,2.1530556678772,2.0524318218231,2.1301968097687,2.1182160377502,2.0587425231934,2.0482039451599,2.0088243484497,2.0578198432922,2.1311681270599,2.0972366333008,2.0652828216553,2.0932178497314,2.0224342346191,2.1234993934631,2.0403244495392,2.1959102153778,2.1147372722626,2.0080506801605,2.0714683532715,2.0866360664368,2.0282819271088,2.0157730579376,1.9750075340271,2.0219898223877,2.0950496196747,2.0712666511536,2.0341749191284,2.0753304958344,2.0071492195129,2.1164963245392,2.0381712913513,2.1949365139008,2.1126177310944,2.0121154785156,1.9997906684875,2.0325832366943,1.9831134080887,1.9729318618774,1.9330233335495,1.9944413900375,2.0603654384613,2.0377786159515,2.0039150714874,2.0419094562531,1.9614479541779,2.0902276039124,1.99134349823,2.1578409671783,2.0676960945129,1.9763592481613,1.9773852825165,2.024064540863,1.9583112001419,1.9543596506119,1.9103640317917,1.9702967405319,2.0437943935394,2.0171234607697,1.9818751811981,2.0171930789948,1.9362105131149,2.061402797699,1.9703919887543,2.1221249103546,2.0465342998505,1.949528336525,1.9438616037369,1.9959796667099,1.9372318983078,1.9341464042664,1.8866410255432,1.9438105821609,2.0157573223114,1.9914089441299,1.952764749527,1.9949907064438,1.919661283493,2.0472502708435,1.9446295499802,2.0937352180481,2.022013425827,1.9256163835526,1.9160207509995,1.9785223007202,1.9104443788528,1.912796497345,1.8665869235992,1.92242872715,1.9937988519669,1.9696040153503,1.9320423603058,1.9777674674988,1.8935511112213,2.0249767303467,1.9254289865494,2.0717186927795,1.9953562021255,1.9051328897476,1.8826203346252,1.9512434005737,1.8954310417175,1.8869444131851,1.8449950218201,1.8994617462158,1.9760814905167,1.9517451524734,1.9112142324448,1.9663492441177,1.8874424695969,2.0216975212097,1.9245855808258,2.0743370056152,2.0003898143768,1.9090099334717,1.8375413417816,1.9202808141708,1.8626819849014,1.8684228658676,1.8229752779007,1.8798022270203,1.9557712078094,1.9390825033188,1.8963004350662,1.9420688152313,1.8745093345642,2.0053431987762,1.9050861597061,2.05033826828,1.9767659902573,1.892631649971,1.8239637613297,1.9120926856995,1.8531333208084,1.8592516183853,1.8130708932877,1.8697360754013,1.9462509155273,1.9259365797043,1.8847424983978,1.9318363666534,1.8658583164215,1.9914852380753,1.8932502269745,2.0360901355743,1.9631252288818,1.8795765638351,1.8107450008392,1.9003630876541,1.8437224626541,1.8502863645554,1.8022086620331,1.8585921525955,1.9351435899734,1.9153517484665,1.8728820085526,1.9194537401199,1.8534544706345,1.9798437356949,1.8824262619019,2.0205481052399,1.9505509138107,1.8652572631836,1.7953361272812,1.891450881958,1.8310910463333,1.8396785259247,1.7893825769424,1.8465446233749,1.9237550497055,1.9060697555542,1.8593116998672,1.9079097509384,1.840069770813,1.9689694643021,1.8693515062332,2.004287481308,1.937824010849,1.8543320894241,1.7786384820938,1.8788248300552,1.823757648468,1.8232398033142,1.7799111604691,1.8355412483215,1.9132108688354,1.8945268392563,1.8513966798782,1.9066590070724,1.8289558887482,1.966578245163,1.8691217899323,2.0096504688263,1.9376544952393,1.8572974205017,1.7526867389679,1.8610322475433,1.8074721097946,1.822952747345,1.7703720331192,1.8300006389618,1.9077426195145,1.8852767944336,1.8417582511902,1.8955804109573,1.8322405815125,1.9762606620789,1.867307305336,2.0147860050201,1.9284539222717,1.8565839529037,1.7471976280212,1.8552714586258,1.8053385019302,1.8191871643066,1.7726114988327,1.8380920886993,1.9170951843262,1.8892590999603,1.842798948288,1.8962861299515,1.8129689693451,1.9569581747055,1.8577679395676,2.0090184211731,1.9263916015625,1.862219452858,1.7462474107742,1.8649907112122,1.8047734498978,1.8010920286179,1.7569822072983,1.8205095529556,1.903012752533,1.8856126070023,1.8441356420517,1.9045552015305,1.8054313659668,1.9421139955521,1.8460482358932,1.9835191965103,1.9123977422714,1.8445274829865,1.7366189956665,1.8596101999283,1.803139090538,1.7957437038422,1.7506310939789,1.8099802732468,1.8870716094971,1.8728655576706,1.8285714387894,1.8918044567108,1.7991323471069,1.9378589391708,1.8406049013138,1.9710206985474,1.9050493240356,1.8313798904419,1.7269047498703,1.8465269804001,1.7913990020752,1.7938657999039,1.7458945512772,1.8063373565674,1.8845866918564,1.8679747581482,1.8198273181915,1.8808915615082,1.8002722263336,1.9428584575653,1.8421819210052,1.9803739786148,1.9089479446411,1.8384574651718,1.7123373746872,1.8355706930161,1.7826203107834,1.7849289178848,1.7392868995667,1.8033565282822,1.8813354969025,1.8673474788666,1.8196349143982,1.8839044570923,1.7927911281586,1.9325162172318,1.8373819589615,1.9681906700134,1.9035618305206,1.8316206932068,1.7091925144196,1.8359941244125,1.7825043201447,1.7812243700027,1.7368344068527,1.7975751161575,1.873507142067,1.8616831302643,1.8123420476913,1.8760462999344,1.7899518013,1.9301173686981,1.833308339119,1.9620141983032,1.8992025852203,1.8251897096634,1.7056109905243,1.8311421871185,1.7774473428726,1.779443860054,1.7338101863861,1.7950639724731,1.8719007968903,1.8591879606247,1.8092314004898,1.8723007440567,1.7871072292328,1.9274964332581,1.8297835588455,1.959023475647,1.8954163789749,1.8227524757385,1.7022658586502,1.8301461935043,1.7758531570435,1.7766355276108,1.7310221195221,1.7923296689987,1.8693290948868,1.8569096326828,1.8070559501648,1.8705949783325,1.7838504314423,1.9235061407089,1.8266587257385,1.9541277885437,1.8917986154556,1.8187301158905,1.6985207796097,1.827815413475,1.7737165689468,1.7746073007584,1.7283436059952,1.7900807857513,1.8671766519547,1.8546905517578,1.8044589757919,1.8685204982758,1.782745718956,1.9236259460449,1.8269993066788,1.9559800624847,1.8930255174637,1.8218092918396,1.6908792257309,1.8220558166504,1.7699066400528,1.769562959671,1.725137591362,1.7868714332581,1.86343729496,1.8525042533875,1.8012955188751,1.8663190603256,1.7804056406021,1.9207634925842,1.8254766464233,1.95121717453,1.8914324045181,1.8174965381622,1.6888980865479,1.8200083971024,1.7668672800064,1.7689850330353,1.7237476110458,1.78562104702,1.8621708154678,1.8509864807129,1.7997137308121,1.8641463518143,1.7790532112122,1.9195690155029,1.8233931064606,1.9493062496185,1.8890535831451,1.8159482479095,1.6873497962952,1.8195205926895,1.7663816213608,1.7674534320831,1.7225232124329,1.7840163707733,1.8604423999786,1.8495652675629,1.7980742454529,1.8625748157501,1.777491569519,1.9177961349487,1.8215514421463,1.946573138237,1.8870221376419,1.8135215044022,1.6856342554092,1.818243265152,1.7649734020233,1.766308426857,1.7211532592773,1.7826508283615,1.859081864357,1.8482204675674,1.7964872121811,1.8610332012177,