{"i":1000,"val_loss_history":[2.5182845592499],"val_loss_history_it":[1000],"forward_backward_times":{},"opt":{"max_epochs":100,"checkpoint_every":1000,"batch_size":50,"memory_benchmark":0,"init_from":"cv\/startrek_128_len10_2_1700.t7","grad_clip":5,"model_type":"lstm","lr_decay_every":5,"print_every":1,"wordvec_size":64,"seq_length":10,"input_json":"\/Users\/danhon\/dev\/data\/star-trek-titles.txt.json","num_layers":2,"input_h5":"\/Users\/danhon\/dev\/data\/star-trek-titles.txt.h5","reset_iterations":1,"rnn_size":128,"dropout":0,"checkpoint_name":"cv\/startrek_128_len10_3","batchnorm":0,"learning_rate":0.002,"speed_benchmark":0,"gpu_backend":"cuda","lr_decay_factor":0.5,"gpu":-1},"train_loss_history":[2.1178133487701,1.9436457157135,1.9550229310989,1.9548887014389,1.8570883274078,1.888879776001,1.8789840936661,1.8254541158676,2.0226678848267,1.9292852878571,1.8581559658051,1.9281920194626,1.9182649850845,1.9236739873886,1.9217201471329,2.0348153114319,1.6972697973251,1.9857195615768,1.8654961585999,1.8995499610901,1.8521435260773,1.7736191749573,1.8518397808075,1.8217463493347,1.7814311981201,1.9714521169662,1.8752644062042,1.814954996109,1.8574941158295,1.8891847133636,1.8907067775726,1.8775135278702,1.9778594970703,1.6332533359528,1.9828441143036,1.8369154930115,1.8745616674423,1.8171674013138,1.7416259050369,1.8052693605423,1.7827719449997,1.7377284765244,1.9023066759109,1.8073763847351,1.762971997261,1.8135273456573,1.8421207666397,1.8381390571594,1.8300409317017,1.936819434166,1.5902590751648,1.9549112319946,1.8206363916397,1.8069915771484,1.7714092731476,1.7016432285309,1.7875119447708,1.7661272287369,1.7001066207886,1.8658351898193,1.7729115486145,1.7485973834991,1.7956831455231,1.7864542007446,1.7933155298233,1.8002407550812,1.8996667861938,1.5404435396194,1.8827414512634,1.7769283056259,1.8096134662628,1.7413442134857,1.6620767116547,1.7456140518188,1.7101274728775,1.6845769882202,1.8619499206543,1.7694158554077,1.7245045900345,1.7371740341187,1.7735912799835,1.795253276825,1.7946354150772,1.8988212347031,1.461541056633,1.8229403495789,1.72380900383,1.7306360006332,1.6918251514435,1.6309853792191,1.7104276418686,1.6763827800751,1.6260244846344,1.8089847564697,1.7460104227066,1.7112758159637,1.7152261734009,1.7260266542435,1.7468152046204,1.7646007537842,1.8590549230576,1.430316567421,1.8033055067062,1.7037407159805,1.7169140577316,1.6729888916016,1.6008578538895,1.6783128976822,1.6534068584442,1.6090015172958,1.7871909141541,1.7046139240265,1.6772038936615,1.6879624128342,1.7065932750702,1.7234548330307,1.7358300685883,1.8309998512268,1.4039394855499,1.7826869487762,1.6849051713943,1.7013530731201,1.65682554245,1.5795199871063,1.6591001749039,1.6332945823669,1.5881263017654,1.772558093071,1.6944282054901,1.66843521595,1.6656860113144,1.6809312105179,1.6931574344635,1.7147085666656,1.8064399957657,1.3796757459641,1.7669155597687,1.6648631095886,1.6864409446716,1.6394248008728,1.5573942661285,1.6382100582123,1.6153138875961,1.5705345869064,1.7439345121384,1.6691161394119,1.6532187461853,1.6485900878906,1.6629291772842,1.6653168201447,1.6837668418884,1.7751226425171,1.3519018888474,1.7484391927719,1.6331593990326,1.6581761837006,1.6076729297638,1.5383605957031,1.6199914216995,1.5923167467117,1.5604215860367,1.7277882099152,1.652633190155,1.6299394369125,1.6307257413864,1.6588281393051,1.6684172153473,1.6923207044601,1.777373790741,1.3060647249222,1.6940455436707,1.603680729866,1.633377790451,1.5995100736618,1.5188027620316,1.605274438858,1.5722962617874,1.5349817276001,1.6988608837128,1.6296654939651,1.6144984960556,1.618275642395,1.6482890844345,1.6590744256973,1.673810839653,1.7544025182724,1.2945765256882,1.6863803863525,1.5948094129562,1.6224975585938,1.5885745286942,1.51282954216,1.5981999635696,1.5703907012939,1.5329339504242,1.686952829361,1.6166326999664,1.5934360027313,1.6023209095001,1.62628698349,1.642286658287,1.6646908521652,1.7427186965942,1.2866503000259,1.6812074184418,1.589487195015,1.6132460832596,1.5697765350342,1.4928557872772,1.5836744308472,1.5623112916946,1.5280554294586,1.6766529083252,1.6050925254822,1.5820037126541,1.5936285257339,1.6068675518036,1.621667265892,1.6511585712433,1.7259975671768,1.2744621038437,1.672490477562,1.5835113525391,1.6088386774063,1.5570236444473,1.4773157835007,1.566669344902,1.5479010343552,1.5171016454697,1.6654585599899,1.5948443412781,1.5768704414368,1.5876058340073,1.5932943820953,1.6018490791321,1.6361285448074,1.7097811698914,1.2615625858307,1.6600922346115,1.5628867149353,1.589669585228,1.5457901954651,1.4703707695007,1.5601369142532,1.5367447137833,1.5014371871948,1.653123497963,1.5837169885635,1.5686951875687,1.5776448249817,1.5946187973022,1.6032425165176,1.6389075517654,1.714807510376,1.234513759613,1.6350964307785,1.5498549938202,1.5880739688873,1.5351796150208,1.4666655063629,1.5470236539841,1.5261898040771,1.4896945953369,1.6415609121323,1.573753118515,1.5668516159058,1.5833214521408,1.5907217264175,1.5997381210327,1.6314542293549,1.7100185155869,1.2277760505676,1.6321095228195,1.5429816246033,1.5813677310944,1.5322672128677,1.4707766771317,1.5528572797775,1.5303620100021,1.4844949245453,1.6366640329361,1.5643267631531,1.5519986152649,1.5660687685013,1.5790008306503,1.5934809446335,1.6242773532867,1.7070479393005,1.2242027521133,1.6335703134537,1.5375173091888,1.5634688138962,1.5198715925217,1.4511932134628,1.5378923416138,1.520743727684,1.4804083108902,1.6321243047714,1.5595216751099,1.5462852716446,1.5566157102585,1.5676404237747,1.576611995697,1.6102232933044,1.6902029514313,1.217830657959,1.6267684698105,1.5353883504868,1.5610693693161,1.5145194530487,1.4405333995819,1.5274679660797,1.5086376667023,1.4731149673462,1.6236387491226,1.5501458644867,1.5407515764236,1.5528653860092,1.5595396757126,1.5668852329254,1.6024887561798,1.6788594722748,1.2111842632294,1.6160265207291,1.52467918396,1.5547858476639,1.5099985599518,1.4376301765442,1.5241931676865,1.5034040212631,1.4686689376831,1.61740899086,1.5470159053802,1.5391471385956,1.5507444143295,1.5600749254227,1.5687495470047,1.6078498363495,1.6846100091934,1.1974732875824,1.6036555767059,1.5162093639374,1.5501924753189,1.5025593042374,1.4326301813126,1.5178627967834,1.4974582195282,1.4627449512482,1.613302230835,1.5437070131302,1.53377866745,1.546551823616,1.5550229549408,1.5636602640152,1.6014657020569,1.6783286333084,1.1946177482605,1.6013922691345,1.5120520591736,1.5431313514709,1.4999047517776,1.4265018701553,1.5126729011536,1.4927405118942,1.4590976238251,1.60871052742,1.539972782135,1.5303156375885,1.541076540947,1.5500326156616,1.5585252046585,1.5965435504913,1.6710476875305,1.1919939517975,1.596807718277,1.5090517997742,1.5418469905853,1.4969351291656,1.4236991405487,1.5098761320114,1.4900827407837,1.4560210704803,1.6048904657364,1.5359697341919,1.527116060257,1.5382821559906,1.5458784103394,1.5546681880951,1.5928713083267,1.6670122146606,1.1888084411621,1.5946140289307,1.506504535675,1.5385848283768,1.4941200017929,1.4209572076797,1.5069724321365,1.4875521659851,1.453232049942,1.6017916202545,1.532813668251,1.5239036083221,1.5344578027725,1.5419019460678,1.5504291057587,1.5887953042984,1.6622002124786,1.1856518983841,1.5924512147903,1.5030937194824,1.5347427129745,1.4914855957031,1.4181915521622,1.504412651062,1.4854742288589,1.4517102241516,1.5996845960617,1.5310705900192,1.5232875347137,1.5346519947052,1.5424925088882,1.5506381988525,1.5909739732742,1.6655155420303,1.1785006523132,1.5853583812714,1.498274564743,1.5311415195465,1.4876443147659,1.4149351119995,1.5012131929398,1.481419801712,1.448939204216,1.5976160764694,1.5301158428192,1.5204422473907,1.5306649208069,1.540090918541,1.5481001138687,1.588445186615,1.6618309020996,1.1773488521576,1.5831450223923,1.4962558746338,1.5294917821884,1.4861626625061,1.4130635261536,1.4991146326065,1.4801131486893,1.4474942684174,1.5952594280243,1.5276081562042,1.5190238952637,1.529413819313,1.5376226902008,1.5457373857498,1.5861359834671,1.659322142601,1.1759624481201,