{"i":1000,"val_loss_history":[3.6777698397636],"val_loss_history_it":[1000],"forward_backward_times":{},"opt":{"max_epochs":100,"checkpoint_every":1000,"batch_size":50,"memory_benchmark":0,"init_from":"cv\/startrek_128_4_3500.t7","grad_clip":5,"model_type":"lstm","lr_decay_every":5,"print_every":1,"wordvec_size":64,"seq_length":5,"input_json":"\/Users\/danhon\/dev\/data\/star-trek-titles.txt.json","num_layers":2,"input_h5":"\/Users\/danhon\/dev\/data\/star-trek-titles.txt.h5","reset_iterations":1,"rnn_size":128,"dropout":0,"checkpoint_name":"cv\/startrek_128_5","batchnorm":0,"learning_rate":0.002,"speed_benchmark":0,"gpu_backend":"cuda","lr_decay_factor":0.5,"gpu":-1},"train_loss_history":[1.7648676633835,0.8086553812027,0.78222846984863,0.60259163379669,0.68784147500992,0.64599466323853,0.63233196735382,0.65345025062561,0.66790676116943,0.65150767564774,0.64326786994934,0.75264328718185,0.59533590078354,0.657142162323,0.8006956577301,0.66202849149704,0.78188788890839,0.75208652019501,0.69640004634857,0.78082484006882,0.81173926591873,0.83665478229523,0.68184268474579,0.81041932106018,0.85142517089844,0.72582799196243,0.85176920890808,0.76027423143387,0.82207942008972,0.7091206908226,0.85374945402145,0.8899530172348,0.89330440759659,0.83889597654343,0.57856661081314,0.45679375529289,0.59099215269089,0.68104416131973,0.59110301733017,0.65725564956665,0.63179898262024,0.5777176618576,0.62388181686401,0.62554532289505,0.65450316667557,0.59100419282913,0.65970206260681,0.65358281135559,0.64437907934189,0.74799513816833,0.63475531339645,0.6943119764328,0.69254207611084,0.59287410974503,0.68322223424911,0.71098458766937,0.79768764972687,0.64349013566971,0.71075016260147,0.73495811223984,0.67438733577728,0.79678761959076,0.62801861763,0.7680247426033,0.66902059316635,0.76870107650757,0.72776257991791,0.78853243589401,0.72161102294922,0.50029194355011,0.41770803928375,0.58655178546906,0.65276694297791,0.55359244346619,0.58901208639145,0.62372088432312,0.53620195388794,0.61732739210129,0.59879398345947,0.62330847978592,0.53500556945801,0.61850917339325,0.53988200426102,0.62139368057251,0.74487262964249,0.59989887475967,0.65084391832352,0.63140869140625,0.6107959151268,0.6388458609581,0.65092015266418,0.73370307683945,0.60764569044113,0.65039873123169,0.74615800380707,0.64971214532852,0.74686831235886,0.62015533447266,0.6988200545311,0.66966503858566,0.70140814781189,0.69581586122513,0.74945312738419,0.68842571973801,0.48830157518387,0.41578617691994,0.56895488500595,0.63572323322296,0.49817878007889,0.56901484727859,0.57339233160019,0.5151093006134,0.57087695598602,0.59070897102356,0.56365072727203,0.50110453367233,0.56641536951065,0.51022732257843,0.61112684011459,0.68387538194656,0.5509517788887,0.63330090045929,0.57420670986176,0.55238020420074,0.59860706329346,0.62533855438232,0.73764109611511,0.57199937105179,0.62320756912231,0.65711104869843,0.5943655371666,0.72546875476837,0.61670511960983,0.66344374418259,0.59883934259415,0.64497643709183,0.67905789613724,0.74165046215057,0.68549382686615,0.46528661251068,0.36673608422279,0.52830982208252,0.53667849302292,0.46742042899132,0.52049595117569,0.49733406305313,0.44819647073746,0.47961547970772,0.52174401283264,0.4658405482769,0.47545871138573,0.52473586797714,0.4542378783226,0.48926654458046,0.59268045425415,0.4910880625248,0.56553244590759,0.555519759655,0.51707184314728,0.52631574869156,0.57908129692078,0.65285605192184,0.51522731781006,0.60883343219757,0.60799860954285,0.54128420352936,0.65302276611328,0.50646370649338,0.65925699472427,0.58073770999908,0.66739130020142,0.63429737091064,0.68259525299072,0.65390121936798,0.4160130918026,0.27701234817505,0.48006936907768,0.51351070404053,0.4489483833313,0.48461672663689,0.45189774036407,0.42203456163406,0.47195982933044,0.45640203356743,0.45548433065414,0.44846364855766,0.50938820838928,0.42843261361122,0.4823802113533,0.57522034645081,0.48028412461281,0.51910263299942,0.49643287062645,0.501724421978,0.50589728355408,0.56474846601486,0.62197434902191,0.50453507900238,0.55720448493958,0.55625152587891,0.50403100252151,0.62355309724808,0.50271248817444,0.62286472320557,0.52465313673019,0.5976647734642,0.58241701126099,0.63195216655731,0.58375388383865,0.40716549754143,0.26518601179123,0.46637827157974,0.47805932164192,0.42213451862335,0.47425764799118,0.44995281100273,0.42466670274734,0.46840351819992,0.4678752720356,0.44642633199692,0.43311640620232,0.48321288824081,0.42436161637306,0.45766890048981,0.55298215150833,0.45613151788712,0.5065683722496,0.49602282047272,0.47111949324608,0.48515421152115,0.53167295455933,0.5975838303566,0.47168776392937,0.53549635410309,0.53468692302704,0.49440431594849,0.59125578403473,0.45244425535202,0.57549244165421,0.49226325750351,0.57000184059143,0.54350692033768,0.57507073879242,0.55566608905792,0.40008175373077,0.26532354950905,0.45349237322807,0.46856573224068,0.41309395432472,0.46651044487953,0.4499343931675,0.39508897066116,0.44611582159996,0.43527069687843,0.42306309938431,0.41825404763222,0.47208148241043,0.41318738460541,0.43105527758598,0.52243494987488,0.42842701077461,0.47457653284073,0.47547569870949,0.45204198360443,0.46933746337891,0.51331782341003,0.58955734968185,0.444400370121,0.50230431556702,0.50946474075317,0.47078973054886,0.55978846549988,0.42947429418564,0.54561537504196,0.47787240147591,0.53772866725922,0.50791537761688,0.55017632246017,0.5313812494278,0.38914000988007,0.25322300195694,0.44963619112968,0.45431447029114,0.38581821322441,0.4565703868866,0.44035866856575,0.38083705306053,0.4277606010437,0.41511234641075,0.40746805071831,0.40600022673607,0.44847750663757,0.39990624785423,0.41573122143745,0.50365155935287,0.41670227050781,0.46374744176865,0.45825809240341,0.42331472039223,0.4402180314064,0.49785810709,0.58102536201477,0.4302613735199,0.49216470122337,0.49737459421158,0.45446798205376,0.54798859357834,0.42115843296051,0.52209705114365,0.46858882904053,0.51644730567932,0.50817316770554,0.5557741522789,0.51843923330307,0.38010799884796,0.24967305362225,0.42907389998436,0.44513589143753,0.36010667681694,0.41839587688446,0.39624235033989,0.33896684646606,0.40293228626251,0.38448303937912,0.38827243447304,0.36671781539917,0.42731267213821,0.36384606361389,0.38614690303802,0.45990914106369,0.38966155052185,0.44371691346169,0.4465654194355,0.40693962574005,0.41610130667686,0.48572757840157,0.53044271469116,0.39123070240021,0.47340834140778,0.47093066573143,0.44021847844124,0.53132039308548,0.40429830551147,0.5028703212738,0.45890492200851,0.50282418727875,0.49857971072197,0.55839288234711,0.52931350469589,0.35633257031441,0.21363423764706,0.39584019780159,0.4119818508625,0.36712157726288,0.41306138038635,0.40136831998825,0.34026852250099,0.39873242378235,0.37876659631729,0.39256685972214,0.35891601443291,0.43286249041557,0.36256736516953,0.38584941625595,0.45368933677673,0.39150151610374,0.42893239855766,0.41835635900497,0.39193907380104,0.39831382036209,0.46176105737686,0.51042777299881,0.39219436049461,0.45329436659813,0.44977569580078,0.41107234358788,0.51026743650436,0.38146671652794,0.47794383764267,0.4334596991539,0.48673278093338,0.46775111556053,0.53294461965561,0.49082773923874,0.35342481732368,0.21509832143784,0.38944324851036,0.40440228581429,0.35362857580185,0.3868505358696,0.37947964668274,0.32198783755302,0.38291212916374,0.37122473120689,0.37055444717407,0.35122564435005,0.40890192985535,0.33490583300591,0.37205982208252,0.43442139029503,0.37912628054619,0.41339161992073,0.40222972631454,0.38491410017014,0.37638053297997,0.45557433366776,0.49504294991493,0.3750693500042,0.43443867564201,0.43460482358932,0.39304813742638,0.48782220482826,0.36686408519745,0.45570734143257,0.40948417782784,0.46620616316795,0.44140654802322,0.49378052353859,0.45964869856834,0.34964641928673,0.20728552341461,0.37872660160065,0.3914949297905,0.34072321653366,0.37708976864815,0.36580288410187,0.31287562847137,0.36801928281784,0.36166083812714,0.35718432068825,0.34096384048462,0.40012043714523,