{"i":1000,"val_loss_history":[2.4508350690206],"val_loss_history_it":[1000],"forward_backward_times":{},"opt":{"max_epochs":400,"checkpoint_every":1000,"batch_size":50,"memory_benchmark":0,"init_from":"","grad_clip":5,"model_type":"lstm","lr_decay_every":5,"print_every":1,"wordvec_size":64,"seq_length":7,"input_json":"\/Users\/danhon\/dev\/data\/star-trek-titles.txt.json","num_layers":2,"input_h5":"\/Users\/danhon\/dev\/data\/star-trek-titles.txt.h5","reset_iterations":1,"rnn_size":128,"dropout":0,"checkpoint_name":"cv\/startrek_128_len7_1","batchnorm":0,"learning_rate":0.002,"speed_benchmark":0,"gpu_backend":"cuda","lr_decay_factor":0.5,"gpu":-1},"train_loss_history":[4.3340654373169,4.2876091003418,4.2104110717773,4.0870804786682,3.9637098312378,3.7616782188416,3.6931052207947,3.3881480693817,3.5185072422028,3.4686579704285,3.5186686515808,3.3760216236115,3.5187017917633,3.4529213905334,3.4688880443573,3.3837196826935,3.4273393154144,3.3208303451538,3.376207113266,3.3636510372162,3.3660781383514,3.3540399074554,3.3516919612885,3.3709483146667,3.4523029327393,3.3472845554352,3.3826992511749,3.2120790481567,3.2501666545868,3.3183064460754,3.2737147808075,3.3428118228912,3.0471253395081,3.2884628772736,3.20085978508,3.2835068702698,3.1372060775757,3.2406241893768,3.2385075092316,3.2326192855835,3.0885877609253,3.139208316803,3.0330197811127,3.0641391277313,3.0911293029785,3.0724217891693,3.006320476532,3.0295598506927,3.000830411911,3.071008682251,3.0356330871582,2.97087931633,2.8406705856323,2.8574702739716,2.8955733776093,2.8849275112152,2.9800987243652,2.6110134124756,2.9082112312317,2.8090622425079,2.8749392032623,2.7185308933258,2.8375384807587,2.8698468208313,2.8797450065613,2.6859889030457,2.7743566036224,2.6808609962463,2.7405514717102,2.7624912261963,2.7520353794098,2.6612935066223,2.7229745388031,2.672947883606,2.7316598892212,2.7925913333893,2.6689918041229,2.5555984973907,2.5656673908234,2.5996253490448,2.6002290248871,2.7273783683777,2.3262000083923,2.6606206893921,2.5400972366333,2.6539881229401,2.4776389598846,2.6016960144043,2.6355609893799,2.6931195259094,2.4590227603912,2.5658566951752,2.4903700351715,2.5383169651031,2.5816123485565,2.5832717418671,2.4929182529449,2.5524761676788,2.4981997013092,2.5452320575714,2.666054725647,2.5345942974091,2.4168875217438,2.4175698757172,2.4488461017609,2.457377910614,2.5891981124878,2.1926522254944,2.5333886146545,2.4060270786285,2.5403301715851,2.3448932170868,2.4950330257416,2.5282914638519,2.6111121177673,2.3469111919403,2.4853024482727,2.4049847126007,2.4522480964661,2.5094859600067,2.5160496234894,2.418112039566,2.5008659362793,2.4373188018799,2.4399173259735,2.5815155506134,2.4497306346893,2.3599605560303,2.3296835422516,2.3722376823425,2.3795254230499,2.5153641700745,2.1234543323517,2.4791893959045,2.3314979076385,2.4749240875244,2.2824351787567,2.4440448284149,2.4673073291779,2.553867816925,2.2784504890442,2.4377067089081,2.3529076576233,2.3884389400482,2.4554162025452,2.4595248699188,2.3625981807709,2.4387204647064,2.3783915042877,2.3828556537628,2.5277192592621,2.3968124389648,2.3177237510681,2.2759985923767,2.3214688301086,2.3327393531799,2.4645776748657,2.0767402648926,2.4354281425476,2.2777183055878,2.4293267726898,2.2296378612518,2.3985824584961,2.4185328483582,2.5027012825012,2.2256224155426,2.3942708969116,2.3111894130707,2.3381922245026,2.4163959026337,2.420628786087,2.3177461624146,2.3897738456726,2.3311829566956,2.3336665630341,2.4874875545502,2.3556373119354,2.2774343490601,2.2276000976562,2.2757725715637,2.2878978252411,2.4187383651733,2.0347149372101,2.3927793502808,2.2285146713257,2.3870160579681,2.1833460330963,2.3602764606476,2.3727207183838,2.4574828147888,2.1818573474884,2.3551952838898,2.275607585907,2.2952818870544,2.3804657459259,2.3850779533386,2.2746956348419,2.3467781543732,2.2901618480682,2.2853217124939,2.4494528770447,2.3171198368073,2.2376208305359,2.1835966110229,2.2335560321808,2.2468824386597,2.3764395713806,1.9938532114029,2.3495090007782,2.1837873458862,2.3470423221588,2.1412527561188,2.3234829902649,2.3268277645111,2.4168541431427,2.1427257061005,2.3180546760559,2.2434163093567,2.2554092407227,2.3468434810638,2.3527669906616,2.2328670024872,2.3040747642517,2.2526013851166,2.2388451099396,2.4124412536621,2.2826662063599,2.1926493644714,2.1501250267029,2.1963920593262,2.2102851867676,2.3385953903198,1.9527339935303,2.3041367530823,2.1521668434143,2.310958147049,2.1034693717957,2.2925221920013,2.2873563766479,2.3986804485321,2.1184325218201,2.2941756248474,2.2176334857941,2.2362906932831,2.3259727954865,2.3382790088654,2.2126734256744,2.2930493354797,2.22771525383,2.1932601928711,2.3720731735229,2.2426002025604,2.1681249141693,2.1206648349762,2.168673992157,2.1789791584015,2.3098471164703,1.9354168176651,2.2850134372711,2.1239974498749,2.2839586734772,2.0835318565369,2.2707023620605,2.2526140213013,2.3714005947113,2.0927929878235,2.2694215774536,2.2011852264404,2.2137672901154,2.3036816120148,2.3195552825928,2.1888735294342,2.2678172588348,2.2049868106842,2.1711928844452,2.3561482429504,2.2261402606964,2.1500151157379,2.101137638092,2.1519174575806,2.1598136425018,2.2917468547821,1.9153521060944,2.2628774642944,2.1029047966003,2.2643208503723,2.0627086162567,2.2549390792847,2.2315213680267,2.3515079021454,2.0753695964813,2.2525928020477,2.1859948635101,2.1948390007019,2.2850108146667,2.3025243282318,2.1694135665894,2.2458946704865,2.1861653327942,2.1493284702301,2.3411955833435,2.2112488746643,2.1328957080841,2.0827457904816,2.1340780258179,2.1416702270508,2.2722356319427,1.8973751068115,2.2417387962341,2.0833616256714,2.2478528022766,2.0418639183044,2.2372388839722,2.2103457450867,2.3330528736115,2.0581636428833,2.2352328300476,2.1700456142426,2.1772303581238,2.2671318054199,2.2858040332794,2.1498937606812,2.2248804569244,2.1676204204559,2.125629901886,2.3234505653381,2.1948866844177,2.1137750148773,2.0652344226837,2.1166176795959,2.1239078044891,2.2526786327362,1.8793547153473,2.2203736305237,2.0643866062164,2.2300941944122,2.0227437019348,2.2195677757263,2.187890291214,2.3146512508392,2.0423147678375,2.2169699668884,2.154433965683,2.1586899757385,2.2497274875641,2.26962018013,2.1310307979584,2.2042667865753,2.1490612030029,2.1023781299591,2.3046264648438,2.181765794754,2.0896668434143,2.0504410266876,2.1002447605133,2.1076927185059,2.2335031032562,1.8588596582413,2.1997473239899,2.0517334938049,2.2140161991119,2.0035860538483,2.2044327259064,2.1714973449707,2.305985212326,2.0303826332092,2.208149433136,2.1413908004761,2.1497704982758,2.2420637607574,2.2671978473663,2.1265435218811,2.2005462646484,2.1433908939362,2.0765888690948,2.2797181606293,2.1622819900513,2.0787980556488,2.0357840061188,2.0864987373352,2.0955781936646,2.2240297794342,1.8514543771744,2.1862359046936,2.0398004055023,2.201851606369,1.9946420192719,2.1956317424774,2.1551139354706,2.3033950328827,2.0203001499176,2.1986429691315,2.1301190853119,2.1383440494537,2.2306797504425,2.2569515705109,2.1158013343811,2.1872146129608,2.131377696991,2.0675292015076,2.2750611305237,2.1581246852875,2.0748932361603,2.0293896198273,2.08021068573,2.0903573036194,2.218430519104,1.8434252738953,2.1735520362854,2.0314769744873,2.1928133964539,1.9851405620575,2.1883170604706,2.1448166370392,2.2973227500916,2.0126137733459,2.1913502216339,2.1212017536163,2.1298789978027,2.2235403060913,2.2487576007843,2.1064848899841,2.1767144203186,2.1211531162262,2.0569844245911,2.2657294273376,2.1517367362976,2.0660197734833,2.0220847129822,2.0734753608704,2.0837049484253,2.2109324932098,1.8354743719101,2.1627457141876,2.0240514278412,2.1837239265442,1.9765377044678,2.1790454387665,2.1340889930725,2.2877888679504,2.0042722225189,2.1823327541351,2.1133699417114,2.1217792034149,2.2156329154968,2.2408723831177,2.0975134372711,2.166797876358,2.1122443675995,2.0463156700134,2.2561058998108,2.1452782154083,2.0560839176178,2.0140883922577,2.0654447078705,2.0757184028625,2.2023949623108,1.8272722959518,2.1524286270142,