{"i":1000,"val_loss_history":[2.7623151540756],"val_loss_history_it":[1000],"forward_backward_times":{},"opt":{"max_epochs":100,"checkpoint_every":1000,"batch_size":50,"memory_benchmark":0,"init_from":"cv\/startrek_128_2_3500.t7","grad_clip":5,"model_type":"lstm","lr_decay_every":5,"print_every":1,"wordvec_size":64,"seq_length":5,"input_json":"\/Users\/danhon\/dev\/data\/star-trek-titles.txt.json","num_layers":2,"input_h5":"\/Users\/danhon\/dev\/data\/star-trek-titles.txt.h5","reset_iterations":1,"rnn_size":128,"dropout":0,"checkpoint_name":"cv\/startrek_128_3","batchnorm":0,"learning_rate":0.002,"speed_benchmark":0,"gpu_backend":"cuda","lr_decay_factor":0.5,"gpu":-1},"train_loss_history":[2.1207029819489,1.4576120376587,1.6132135391235,1.4201302528381,1.5140038728714,1.3905988931656,1.4393354654312,1.5120738744736,1.5638508796692,1.4842352867126,1.3196361064911,1.4802042245865,1.4981429576874,1.4706884622574,1.6430819034576,1.4684339761734,1.4304683208466,1.52459025383,1.4194189310074,1.7170209884644,1.6760869026184,1.5356657505035,1.5528290271759,1.6365535259247,1.6598842144012,1.6660650968552,1.686146736145,1.6818424463272,1.7628469467163,1.5482071638107,1.6120145320892,1.6618767976761,1.648249745369,1.6125779151917,1.2644641399384,1.4428660869598,1.286719918251,1.5097663402557,1.3441820144653,1.4154262542725,1.2820781469345,1.3716018199921,1.4091281890869,1.4079477787018,1.3685522079468,1.2528302669525,1.3653740882874,1.4050449132919,1.3901516199112,1.5474818944931,1.3987104892731,1.3553823232651,1.4520565271378,1.3786460161209,1.5724693536758,1.5720385313034,1.4620605707169,1.4540244340897,1.5420064926147,1.5659363269806,1.5396060943604,1.6193997859955,1.5856528282166,1.6675932407379,1.4628738164902,1.520925283432,1.5330678224564,1.5689083337784,1.5383807420731,1.1601189374924,1.3542991876602,1.2490255832672,1.449355006218,1.3007155656815,1.3961154222488,1.2620599269867,1.3283183574677,1.3469387292862,1.3641033172607,1.3432499170303,1.217791557312,1.3189480304718,1.3596432209015,1.3521150350571,1.5073192119598,1.3441325426102,1.3189426660538,1.3823897838593,1.3234035968781,1.5129573345184,1.5064169168472,1.4176173210144,1.3929492235184,1.4577009677887,1.491784453392,1.4876625537872,1.5504833459854,1.5249969959259,1.5981338024139,1.3897062540054,1.4535230398178,1.4715487957001,1.5124044418335,1.4480139017105,1.1006462574005,1.2945079803467,1.2151256799698,1.4220170974731,1.2519942522049,1.3364499807358,1.2417794466019,1.2929303646088,1.3221260309219,1.3214365243912,1.284010052681,1.1867897510529,1.3134709596634,1.3320225477219,1.3024046421051,1.4599562883377,1.3028770685196,1.2924330234528,1.3537390232086,1.272695183754,1.4455543756485,1.4514098167419,1.3848760128021,1.3572373390198,1.4148715734482,1.4572627544403,1.4321990013123,1.4805443286896,1.4706348180771,1.5417674779892,1.3327376842499,1.3839138746262,1.3962291479111,1.4771794080734,1.3999160528183,1.0509722232819,1.2212529182434,1.1577485799789,1.3503316640854,1.1915885210037,1.2629210948944,1.1556998491287,1.2127517461777,1.2500212192535,1.2475703954697,1.2219511270523,1.1281577348709,1.1829397678375,1.2293385267258,1.2369374036789,1.4064532518387,1.2514616250992,1.2312358617783,1.2549409866333,1.1847410202026,1.3739585876465,1.4301968812943,1.3492350578308,1.2947949171066,1.3416121006012,1.3854712247849,1.3872082233429,1.4730705022812,1.475360751152,1.5331188440323,1.3058809041977,1.3816555738449,1.4062061309814,1.501621723175,1.4578148126602,0.96240442991257,1.0778028964996,1.0964645147324,1.2755275964737,1.1340684890747,1.2383530139923,1.1101094484329,1.1883978843689,1.2229832410812,1.2300499677658,1.1910618543625,1.1203801631927,1.1552172899246,1.2076697349548,1.2173268795013,1.3597761392593,1.1989690065384,1.1922999620438,1.2186633348465,1.1674883365631,1.3561102151871,1.3798092603683,1.3107784986496,1.2359607219696,1.2902761697769,1.3377752304077,1.3502093553543,1.4066188335419,1.3952293395996,1.4771645069122,1.2699168920517,1.3099442720413,1.3548437356949,1.3971872329712,1.3582892417908,0.93198728561401,1.0446066856384,1.0897225141525,1.2618350982666,1.108963727951,1.1786477565765,1.0816971063614,1.1439884901047,1.1866091489792,1.1924334764481,1.1582224369049,1.0994943380356,1.1234058141708,1.1713488101959,1.1677389144897,1.323606133461,1.1650743484497,1.1589069366455,1.1823480129242,1.117533326149,1.3097149133682,1.329048037529,1.2879911661148,1.1920833587646,1.2564678192139,1.3095730543137,1.3132364749908,1.3608018159866,1.3450289964676,1.4335860013962,1.2259119749069,1.2718703746796,1.3113852739334,1.3448370695114,1.3160773515701,0.90888059139252,1.0090349912643,1.0593174695969,1.2255461215973,1.0818606615067,1.1471099853516,1.0597420930862,1.1031200885773,1.153045296669,1.1560627222061,1.1237815618515,1.08285343647,1.0942453145981,1.1469964981079,1.1453758478165,1.293405175209,1.1369044780731,1.1245371103287,1.1501520872116,1.0819005966187,1.2681713104248,1.2835388183594,1.266056895256,1.1628065109253,1.2136042118073,1.274335026741,1.2764935493469,1.3232524394989,1.3070768117905,1.4043989181519,1.1863692998886,1.2397446632385,1.2717500925064,1.3069034814835,1.2737778425217,0.88676530122757,0.98593187332153,1.0431772470474,1.1978651285172,1.0490704774857,1.1172654628754,1.0403026342392,1.0714331865311,1.1176379919052,1.1225686073303,1.0916699171066,1.0639352798462,1.0728015899658,1.1205687522888,1.1282697916031,1.2708859443665,1.1044592857361,1.0968362092972,1.1236311197281,1.0529669523239,1.2355176210403,1.2493451833725,1.2464513778687,1.1351004838943,1.1734308004379,1.2369024753571,1.2367227077484,1.2819364070892,1.2628093957901,1.369814157486,1.151208281517,1.209092259407,1.2435443401337,1.2802300453186,1.2338814735413,0.86262440681458,0.95992040634155,1.0223450660706,1.1460272073746,1.0032176971436,1.0626553297043,1.0024710893631,1.0177806615829,1.0581992864609,1.057318687439,1.0277922153473,1.0012785196304,1.0234754085541,1.0500425100327,1.0851445198059,1.2295187711716,1.0694645643234,1.0735551118851,1.0947207212448,1.0284495353699,1.1812987327576,1.2020884752274,1.1922218799591,1.1027826070786,1.1521812677383,1.2216209173203,1.2076666355133,1.2664754390717,1.2220661640167,1.3441082239151,1.1438257694244,1.1918280124664,1.2474113702774,1.3066679239273,1.2699563503265,0.81502819061279,0.92038726806641,0.9976926445961,1.1035017967224,0.9737708568573,1.0359550714493,0.98784470558167,0.99437564611435,1.0376206636429,1.0502673387527,1.0175693035126,0.99227088689804,1.0330322980881,1.0304751396179,1.05992436409,1.1994370222092,1.0477432012558,1.0570740699768,1.087189078331,1.0285410881042,1.1808292865753,1.1921023130417,1.1560645103455,1.073184132576,1.1354964971542,1.1897736787796,1.1637486219406,1.2426854372025,1.2039719820023,1.3358900547028,1.141308426857,1.1624637842178,1.2010425329208,1.2630816698074,1.2026190757751,0.80546933412552,0.89510273933411,0.98560577630997,1.0911445617676,0.97478348016739,1.0222313404083,0.9741427898407,0.98421376943588,1.0146071910858,1.0282641649246,0.9961798787117,0.97528785467148,1.0063537359238,1.0031342506409,1.0451078414917,1.1891939640045,1.0346032381058,1.0405242443085,1.0642461776733,0.9974262714386,1.1505755186081,1.1542985439301,1.1417008638382,1.0602272748947,1.1193568706512,1.164501786232,1.1372220516205,1.2059435844421,1.165708065033,1.2984066009521,1.1003378629684,1.1321865320206,1.1726742982864,1.2394261360168,1.1743948459625,0.79591524600983,0.87751847505569,0.96210700273514,1.0664055347443,0.94883501529694,0.9969237446785,0.95851671695709,0.96481508016586,0.9996765255928,1.0074632167816,0.98141777515411,0.96101379394531,0.98273944854736,0.9806826710701,1.0251356363297,1.1725071668625,1.0133365392685,1.0302592515945,1.0508463382721,0.97917079925537,1.1330451965332,1.1277210712433,1.1236125230789,1.0407491922379,1.0963535308838,1.1473010778427,1.1156207323074,1.1883299350739,1.1422142982483,1.2722743749619,1.07339656353,1.1040139198303,1.1466045379639,1.2208578586578,1.1508164405823,0.78603827953339,0.86759090423584,