{"i":1000,"val_loss_history":[2.4568120241165],"val_loss_history_it":[1000],"forward_backward_times":{},"opt":{"max_epochs":100,"checkpoint_every":1000,"batch_size":50,"memory_benchmark":0,"init_from":"cv\/startrek_128_3500.t7","grad_clip":5,"model_type":"lstm","lr_decay_every":5,"print_every":1,"wordvec_size":64,"seq_length":5,"input_json":"\/Users\/danhon\/dev\/data\/star-trek-titles.txt.json","num_layers":2,"input_h5":"\/Users\/danhon\/dev\/data\/star-trek-titles.txt.h5","reset_iterations":1,"rnn_size":128,"dropout":0,"checkpoint_name":"cv\/startrek_128_2","batchnorm":0,"learning_rate":0.002,"speed_benchmark":0,"gpu_backend":"cuda","lr_decay_factor":0.5,"gpu":-1},"train_loss_history":[2.3860030174255,1.9822738170624,2.1268301010132,1.9176493883133,2.042866230011,1.8468198776245,1.9842159748077,2.0352730751038,2.0468277931213,1.9761769771576,1.7228082418442,1.95749604702,2.007684469223,1.9132657051086,2.0922875404358,1.8969433307648,1.8490911722183,1.9911605119705,1.9652780294418,2.2036445140839,2.1925179958344,1.9265133142471,2.0054433345795,2.1047475337982,2.093425989151,2.0633313655853,2.1339626312256,2.1597933769226,2.2390639781952,1.9454008340836,2.1239352226257,2.1144480705261,2.0665099620819,2.0008103847504,1.8771750926971,2.1265983581543,1.8139017820358,2.0790500640869,1.8903064727783,1.9716761112213,1.7444217205048,1.9217076301575,1.9764639139175,1.9736843109131,1.9084724187851,1.675003528595,1.8855726718903,1.949226140976,1.8555654287338,2.0382878780365,1.8430733680725,1.7786458730698,1.9165717363358,1.910621881485,2.1013381481171,2.1121549606323,1.854536652565,1.9193735122681,2.0202510356903,1.9985462427139,1.9808356761932,2.071727514267,2.0994575023651,2.1531686782837,1.8694455623627,2.0537679195404,2.0197861194611,1.9958854913712,1.9143205881119,1.7950789928436,2.0719909667969,1.7714949846268,2.0454905033112,1.845267534256,1.9182823896408,1.6979728937149,1.860055565834,1.9202848672867,1.915956735611,1.8375238180161,1.6236653327942,1.8186849355698,1.8958299160004,1.8063782453537,1.9741405248642,1.7908796072006,1.7389336824417,1.8577671051025,1.8334611654282,2.0352127552032,2.0457019805908,1.8106031417847,1.8740614652634,1.9611493349075,1.9470043182373,1.9360331296921,2.0231554508209,2.0358908176422,2.1085028648376,1.8162727355957,1.9863722324371,1.9531986713409,1.9404853582382,1.8653062582016,1.7146011590958,1.9975373744965,1.7145601511002,2.0036160945892,1.7986501455307,1.8864216804504,1.657018661499,1.8151173591614,1.8653260469437,1.8700283765793,1.7841905355453,1.5828468799591,1.77001953125,1.8428653478622,1.7581003904343,1.9197117090225,1.7367122173309,1.7003648281097,1.8070956468582,1.7762740850449,1.9796332120895,1.9762173891068,1.7700523138046,1.8312661647797,1.9083424806595,1.8924123048782,1.8913421630859,1.9704744815826,1.9761825799942,2.0557448863983,1.7692339420319,1.9277282953262,1.8840228319168,1.8868352174759,1.8074452877045,1.6416429281235,1.9314073324203,1.6764194965363,1.9348905086517,1.7272515296936,1.8240267038345,1.6064667701721,1.7402763366699,1.7918663024902,1.7963182926178,1.7061179876328,1.5110907554626,1.6839209794998,1.7649419307709,1.700413942337,1.8711210489273,1.6760265827179,1.6398885250092,1.7383387088776,1.7077523469925,1.9181979894638,1.9156742095947,1.7221606969833,1.7769238948822,1.8561338186264,1.8497620820999,1.8606525659561,1.9329380989075,1.9120563268661,2.0192224979401,1.755829334259,1.8968232870102,1.8828829526901,1.8613494634628,1.8158584833145,1.5366147756577,1.8086683750153,1.60098528862,1.8745309114456,1.6568810939789,1.7719815969467,1.5546261072159,1.7097034454346,1.7538101673126,1.7537937164307,1.6675354242325,1.5018861293793,1.6520980596542,1.7350658178329,1.672665476799,1.818354010582,1.6468460559845,1.6030696630478,1.7014697790146,1.6784466505051,1.8842134475708,1.8799716234207,1.6970962285995,1.7298051118851,1.8132884502411,1.8164266347885,1.8347136974335,1.8924987316132,1.883540391922,1.9724991321564,1.7226754426956,1.8419886827469,1.8413301706314,1.8164842128754,1.7791514396667,1.5048587322235,1.7637490034103,1.5878554582596,1.8470042943954,1.6282279491425,1.7392982244492,1.5358091592789,1.6689028739929,1.7202968597412,1.7285977602005,1.6393785476685,1.4795972108841,1.6213148832321,1.7004054784775,1.6449452638626,1.7876032590866,1.6255198717117,1.5778305530548,1.6661231517792,1.6423788070679,1.846688747406,1.8450914621353,1.6728582382202,1.6951223611832,1.7850717306137,1.7916499376297,1.8045192956924,1.8598139286041,1.8516037464142,1.9370883703232,1.6923645734787,1.79780626297,1.7979738712311,1.7820041179657,1.7480899095535,1.4703028202057,1.7257994413376,1.5648130178452,1.812115073204,1.6015409231186,1.7025989294052,1.5119342803955,1.6309105157852,1.6867845058441,1.6989274024963,1.6086083650589,1.4539152383804,1.5857536792755,1.6643121242523,1.6150999069214,1.7562282085419,1.6022007465363,1.546248793602,1.631453871727,1.6071707010269,1.8123905658722,1.8120331764221,1.6459687948227,1.6621135473251,1.7549973726273,1.7616739273071,1.7715781927109,1.8251355886459,1.8189774751663,1.8983080387115,1.6586657762527,1.7525712251663,1.7598299980164,1.7503869533539,1.7162905931473,1.4358767271042,1.6874939203262,1.5387729406357,1.784228682518,1.5747135877609,1.6682575941086,1.4872819185257,1.5947372913361,1.652658700943,1.670294880867,1.578532576561,1.4274400472641,1.5528990030289,1.6299144029617,1.5819486379623,1.7230179309845,1.5746945142746,1.5208323001862,1.5992509126663,1.5731525421143,1.7802463769913,1.7810586690903,1.6189113855362,1.6275550127029,1.7244101762772,1.7343600988388,1.7409650087357,1.7941431999207,1.7912817001343,1.859832406044,1.6247910261154,1.7080581188202,1.7221122980118,1.7178591489792,1.6863752603531,1.3998067378998,1.6506918668747,1.5201953649521,1.738588809967,1.5413898229599,1.6290055513382,1.4602363109589,1.5381675958633,1.6126084327698,1.6164689064026,1.5327824354172,1.3820461034775,1.5072507858276,1.5881127119064,1.5378184318542,1.6789249181747,1.5381288528442,1.484340429306,1.5655914545059,1.5361077785492,1.7507408857346,1.7547776699066,1.5997408628464,1.6012803316116,1.6823012828827,1.7004750967026,1.7079116106033,1.7733187675476,1.7678692340851,1.8371427059174,1.6135364770889,1.7113080024719,1.730128288269,1.7132283449173,1.6729258298874,1.3434571027756,1.57217669487,1.472956776619,1.6930381059647,1.5003126859665,1.5873905420303,1.4541923999786,1.5177770853043,1.5871931314468,1.5960246324539,1.5114710330963,1.3663110733032,1.4894495010376,1.5774893760681,1.5193448066711,1.6591230630875,1.5229389667511,1.4627983570099,1.5499787330627,1.5159721374512,1.7212691307068,1.7302540540695,1.5750341415405,1.5817095041275,1.6566421985626,1.6876941919327,1.6855931282043,1.7499370574951,1.7273640632629,1.8050025701523,1.592280626297,1.6780481338501,1.6956647634506,1.6939316987991,1.6457096338272,1.3295577764511,1.5666133165359,1.4573912620544,1.668386220932,1.4772789478302,1.5689119100571,1.4278900623322,1.4930931329727,1.5679659843445,1.5751514434814,1.4941560029984,1.3505471944809,1.4762963056564,1.5483372211456,1.4997143745422,1.64180123806,1.5095167160034,1.4486137628555,1.5368748903275,1.4987580776215,1.6971790790558,1.7097705602646,1.5529898405075,1.5555413961411,1.6355057954788,1.6661838293076,1.6595252752304,1.7265157699585,1.7055521011353,1.7841768264771,1.5747202634811,1.6519808769226,1.6668751239777,1.6729331016541,1.6228077411652,1.3114537000656,1.5416533946991,1.4447795152664,1.652132153511,1.4625843763351,1.5536892414093,1.4116060733795,1.4729279279709,1.5488377809525,1.5567404031754,1.4768898487091,1.3398121595383,1.4608643054962,1.5299955606461,1.4822331666946,1.6267195940018,1.4945625066757,1.4346725940704,1.5203100442886,1.4800907373428,1.6786437034607,1.6921733617783,1.5397979021072,1.5381628274918,1.6159203052521,1.6482706069946,1.6385703086853,1.70652115345,1.6871471405029,1.7649246454239,1.5565255880356,1.6286398172379,1.6455284357071,1.655433177948,1.6022347211838,1.2931424379349,1.5203102827072,1.4314424991608,1.636666893959,1.4469283819199,