{"i":1000,"val_loss_history":[2.6941736936569],"val_loss_history_it":[1000],"forward_backward_times":{},"opt":{"max_epochs":100,"checkpoint_every":1000,"batch_size":50,"memory_benchmark":0,"init_from":"cv\/startrek_128_len10_3_1700.t7","grad_clip":5,"model_type":"lstm","lr_decay_every":5,"print_every":1,"wordvec_size":64,"seq_length":10,"input_json":"\/Users\/danhon\/dev\/data\/star-trek-titles.txt.json","num_layers":2,"input_h5":"\/Users\/danhon\/dev\/data\/star-trek-titles.txt.h5","reset_iterations":1,"rnn_size":128,"dropout":0,"checkpoint_name":"cv\/startrek_128_len10_4","batchnorm":0,"learning_rate":0.002,"speed_benchmark":0,"gpu_backend":"cuda","lr_decay_factor":0.5,"gpu":-1},"train_loss_history":[1.8324992656708,1.5811666250229,1.6067621707916,1.6284328699112,1.5132614374161,1.5774033069611,1.5717403888702,1.5436133146286,1.6993423700333,1.6378408670425,1.6103545427322,1.6408094167709,1.6389089822769,1.6399440765381,1.6531192064285,1.7502032518387,1.2730822563171,1.6003009080887,1.4751770496368,1.5420823097229,1.5142334699631,1.399391412735,1.5208740234375,1.4903699159622,1.4774309396744,1.6304849386215,1.5660566091537,1.5379835367203,1.5501959323883,1.5708770751953,1.5792636871338,1.6013413667679,1.6793466806412,1.204176902771,1.5799391269684,1.4649729728699,1.5189154148102,1.4799033403397,1.3984071016312,1.4939783811569,1.4809414148331,1.4621267318726,1.5763437747955,1.5227470397949,1.5105429887772,1.5370426177979,1.5548893213272,1.5394735336304,1.5579713582993,1.6678751707077,1.174617767334,1.5678632259369,1.4350898265839,1.4784790277481,1.4723410606384,1.3950055837631,1.4625898599625,1.4202922582626,1.410737991333,1.5624277591705,1.4992624521255,1.4890586137772,1.5006405115128,1.5213009119034,1.4906380176544,1.547945857048,1.613764166832,1.1238340139389,1.4915900230408,1.3809387683868,1.4395666122437,1.3963493108749,1.3091962337494,1.4135618209839,1.3870157003403,1.3803015947342,1.498925447464,1.4522429704666,1.4579026699066,1.4668967723846,1.4881365299225,1.4741717576981,1.524357676506,1.5848993062973,1.0385171175003,1.4078875780106,1.3352963924408,1.3933565616608,1.3555461168289,1.2814065217972,1.3853800296783,1.3639048337936,1.3360866308212,1.4514622688293,1.4173032045364,1.4280443191528,1.4232536554337,1.4445787668228,1.4378732442856,1.4952964782715,1.5633327960968,1.0326151847839,1.3738760948181,1.3010351657867,1.362685084343,1.3513808250427,1.2583235502243,1.3520176410675,1.3336462974548,1.3241748809814,1.4450932741165,1.3911970853806,1.3874500989914,1.3970279693604,1.420233130455,1.4024676084518,1.4598504304886,1.5158177614212,1.0067149400711,1.374351978302,1.3055509328842,1.3563123941422,1.3159146308899,1.2442171573639,1.3323286771774,1.3338730335236,1.3111214637756,1.4306217432022,1.3626827001572,1.3817548751831,1.3899482488632,1.3997606039047,1.3833322525024,1.4330719709396,1.4898068904877,0.99754732847214,1.3467465639114,1.2791987657547,1.3356437683105,1.3126035928726,1.2319043874741,1.3232309818268,1.2968760728836,1.2718695402145,1.3901553153992,1.3531997203827,1.385810136795,1.3775794506073,1.3790709972382,1.3542318344116,1.409547328949,1.47336602211,0.98751157522202,1.3300403356552,1.2520697116852,1.3222482204437,1.2743526697159,1.2094622850418,1.2968584299088,1.279733300209,1.2683763504028,1.3783529996872,1.3296430110931,1.3444172143936,1.3524708747864,1.3647587299347,1.3485230207443,1.4088644981384,1.4661465883255,0.93436598777771,1.2748708724976,1.2247428894043,1.3051532506943,1.2628703117371,1.1882431507111,1.2740604877472,1.2555290460587,1.2549970149994,1.3596711158752,1.3178776502609,1.3333442211151,1.3384566307068,1.3395743370056,1.3331747055054,1.3852317333221,1.440420627594,0.9239307641983,1.2589964866638,1.2082718610764,1.2817765474319,1.2474734783173,1.1812733411789,1.2588478326797,1.2458211183548,1.2411298751831,1.3413219451904,1.3006660938263,1.3094571828842,1.316287279129,1.3144881725311,1.3127455711365,1.3643137216568,1.4233020544052,0.91368043422699,1.2480857372284,1.2037088871002,1.2780445814133,1.2316814661026,1.1699167490005,1.2467477321625,1.2339246273041,1.2270451784134,1.3286694288254,1.2908457517624,1.2983021736145,1.3051878213882,1.3014644384384,1.2982566356659,1.3510533571243,1.4024164676666,0.90242606401443,1.2374486923218,1.2007722854614,1.2779893875122,1.2247825860977,1.16046667099,1.2380539178848,1.2234853506088,1.2160739898682,1.316930770874,1.2787766456604,1.2919719219208,1.3012012243271,1.2940667867661,1.2844321727753,1.3395775556564,1.3851770162582,0.89244014024734,1.2240418195724,1.1735121011734,1.2443354129791,1.2090240716934,1.1440254449844,1.2252523899078,1.2145376205444,1.2072761058807,1.3066668510437,1.2678275108337,1.2750895023346,1.2858867645264,1.2934486865997,1.2836068868637,1.348753452301,1.3941074609756,0.86894428730011,1.1992609500885,1.1571276187897,1.2356563806534,1.1982567310333,1.1368408203125,1.2196089029312,1.2073390483856,1.1994673013687,1.2951220273972,1.2607641220093,1.2659612894058,1.2809425592422,1.2840334177017,1.2811809778214,1.3449405431747,1.390892624855,0.86523574590683,1.2016155719757,1.1535856723785,1.2262275218964,1.192202091217,1.1342142820358,1.2194125652313,1.2084765434265,1.1981166601181,1.2942513227463,1.2585672140121,1.2534526586533,1.2695355415344,1.2774608135223,1.2698110342026,1.338814496994,1.3859331607819,0.86267179250717,1.2041257619858,1.152251958847,1.214066028595,1.1886030435562,1.1236386299133,1.2097662687302,1.2002036571503,1.1914200782776,1.2878551483154,1.252769112587,1.2480716705322,1.2634763717651,1.2720823287964,1.260009765625,1.3241105079651,1.3688434362411,0.85760390758514,1.191964507103,1.144849896431,1.2076344490051,1.1840232610703,1.1179889440536,1.203909277916,1.1927182674408,1.1871480941772,1.2773727178574,1.2392098903656,1.2356700897217,1.2538039684296,1.2606784105301,1.2524355649948,1.3166157007217,1.3588304519653,0.8530016541481,1.1797016859055,1.1347353458405,1.2058495283127,1.1720945835114,1.1122757196426,1.1945979595184,1.1842292547226,1.1809277534485,1.2705137729645,1.2329289913177,1.2350976467133,1.2549403905869,1.2583050727844,1.2517240047455,1.319922208786,1.3641395568848,0.84031045436859,1.1669670343399,1.1257766485214,1.1992217302322,1.1643806695938,1.1036977767944,1.1865620613098,1.1784712076187,1.1766632795334,1.268391251564,1.2327752113342,1.2293434143066,1.2514579296112,1.2517285346985,1.2446610927582,1.3094272613525,1.3549624681473,0.83777695894241,1.1647748947144,1.1232600212097,1.1959651708603,1.1639927625656,1.1011021137238,1.182005405426,1.1739057302475,1.1712291240692,1.2627254724503,1.2265343666077,1.2253628969193,1.2463744878769,1.2475006580353,1.2410299777985,1.3040671348572,1.3475979566574,0.83561217784882,1.1609946489334,1.1189682483673,1.1920900344849,1.1591976881027,1.0979801416397,1.1791191101074,1.1711719036102,1.1684966087341,1.2588152885437,1.2234519720078,1.2209326028824,1.2410784959793,1.2431416511536,1.2361320257187,1.3008517026901,1.3427625894547,0.83319342136383,1.1596366167068,1.116445183754,1.1884150505066,1.1562160253525,1.0950392484665,1.1760506629944,1.16845703125,1.1651660203934,1.2553020715714,1.220049738884,1.2173851728439,1.2374842166901,1.2395315170288,1.2318571805954,1.2963433265686,1.3371965885162,0.83087295293808,1.1567016839981,1.1127911806107,1.1861929893494,1.1528503894806,1.0936076641083,1.1737741231918,1.1667896509171,1.1641056537628,1.2526314258575,1.2175204753876,1.2165948152542,1.2384836673737,1.2403857707977,1.2329580783844,1.2997087240219,1.3416020870209,0.82436031103134,1.1498106718063,1.1078075170517,1.1815687417984,1.1494445800781,1.0889624357224,1.1697388887405,1.1630021333694,1.1612139940262,1.2507879734039,1.2159007787704,1.2133324146271,1.2344453334808,1.2373554706573,1.2301970720291,1.295959353447,1.3371917009354,0.82350677251816,1.1473927497864,1.1055839061737,1.1805312633514,1.1477938890457,1.0878205299377,1.1682503223419,1.1617442369461,1.1595594882965,1.2485693693161,1.2138525247574,1.2115191221237,1.2327702045441,1.234877705574,1.2278534173965,1.2936329841614,