{"i":1000,"val_loss_history":[3.2042044401169],"val_loss_history_it":[1000],"forward_backward_times":{},"opt":{"max_epochs":200,"checkpoint_every":1000,"batch_size":50,"memory_benchmark":0,"init_from":"cv\/startrek_128_len10_5_1700.t7","grad_clip":5,"model_type":"lstm","lr_decay_every":5,"print_every":1,"wordvec_size":64,"seq_length":10,"input_json":"\/Users\/danhon\/dev\/data\/star-trek-titles.txt.json","num_layers":2,"input_h5":"\/Users\/danhon\/dev\/data\/star-trek-titles.txt.h5","reset_iterations":1,"rnn_size":128,"dropout":0,"checkpoint_name":"cv\/startrek_128_len10_6","batchnorm":0,"learning_rate":0.002,"speed_benchmark":0,"gpu_backend":"cuda","lr_decay_factor":0.5,"gpu":-1},"train_loss_history":[1.3398284912109,0.8703493475914,0.97231447696686,1.0483688116074,0.95172518491745,1.0076669454575,1.0048792362213,1.0268930196762,1.1343698501587,1.1095942258835,1.1041352748871,1.1380894184113,1.1174108982086,1.1059263944626,1.1482472419739,1.2204092741013,0.70629793405533,0.90831023454666,0.88183093070984,0.94320625066757,0.92089712619781,0.86959064006805,0.94350165128708,0.98524785041809,0.97291111946106,1.0011161565781,0.9753782749176,0.99126803874969,1.0794224739075,1.0788249969482,1.0249578952789,1.1093176603317,1.1345812082291,0.61939197778702,0.87802571058273,0.7983301281929,0.91674453020096,0.8971660733223,0.85273027420044,0.88700729608536,0.9250380396843,0.93766874074936,1.0135469436646,1.0097714662552,0.98458576202393,1.0268297195435,1.0680838823318,1.0301170349121,1.0868849754333,1.0859156847,0.59261131286621,0.85202187299728,0.79587924480438,0.90764874219894,0.90909814834595,0.81192326545715,0.88288712501526,0.92101228237152,0.92141491174698,0.94363164901733,0.93790882825851,0.94784986972809,1.0033915042877,1.0314130783081,0.99929481744766,1.0297086238861,1.0291740894318,0.58118718862534,0.80185168981552,0.74364358186722,0.84229016304016,0.82346683740616,0.7596920132637,0.83068138360977,0.85826450586319,0.86854261159897,0.90433490276337,0.9054713845253,0.90014857053757,0.95076006650925,0.96379840373993,0.96855980157852,1.0047472715378,1.0194642543793,0.50457817316055,0.73595696687698,0.71916890144348,0.8995127081871,0.83616787195206,0.75989806652069,0.81339812278748,0.85501283407211,0.88373869657516,0.92907816171646,0.89955067634583,0.9104750752449,0.95423084497452,0.96232724189758,0.93523156642914,0.98357230424881,0.99665057659149,0.49945479631424,0.723792552948,0.70649939775467,0.81784296035767,0.76534110307693,0.72942280769348,0.77186894416809,0.78823840618134,0.80668294429779,0.84940445423126,0.83790749311447,0.87474602460861,0.8979469537735,0.88883519172668,0.86503487825394,0.91126954555511,0.92685663700104,0.48411801457405,0.6990020275116,0.68221741914749,0.81318336725235,0.76387399435043,0.72771322727203,0.75050932168961,0.76767635345459,0.79302364587784,0.8373886346817,0.82687532901764,0.86348479986191,0.88007324934006,0.88004958629608,0.86115789413452,0.89140260219574,0.90327340364456,0.47355553507805,0.67213988304138,0.6648964881897,0.80485838651657,0.76361644268036,0.71499907970428,0.73698955774307,0.74898052215576,0.76550233364105,0.80660599470139,0.79664182662964,0.83484548330307,0.86199986934662,0.86241215467453,0.84328353404999,0.87424492835999,0.87793111801147,0.46146613359451,0.65525245666504,0.62589973211288,0.72445034980774,0.7057985663414,0.67909866571426,0.70577436685562,0.73020970821381,0.75171917676926,0.78816056251526,0.7787709236145,0.79477959871292,0.83771073818207,0.82958871126175,0.82698404788971,0.8726949095726,0.88418829441071,0.43188488483429,0.61646717786789,0.60246080160141,0.71309769153595,0.69845139980316,0.66731894016266,0.6987424492836,0.72923815250397,0.7412703037262,0.77335369586945,0.77014547586441,0.78471297025681,0.81658446788788,0.82610535621643,0.81896609067917,0.86111634969711,0.8863263130188,0.42788365483284,0.61281222105026,0.60042852163315,0.70207285881042,0.70111775398254,0.66562342643738,0.70395117998123,0.72827124595642,0.73745888471603,0.76835006475449,0.76406729221344,0.77236312627792,0.80492073297501,0.80733096599579,0.80374205112457,0.86135387420654,0.88500452041626,0.42778876423836,0.62330454587936,0.60673242807388,0.69513034820557,0.69992256164551,0.65906131267548,0.70004868507385,0.72806626558304,0.74116510152817,0.76943629980087,0.77297157049179,0.76627105474472,0.79446256160736,0.78470754623413,0.78218305110931,0.84474688768387,0.86257988214493,0.42602401971817,0.63098186254501,0.6191788315773,0.69005852937698,0.68960636854172,0.64972299337387,0.68250089883804,0.71208471059799,0.72780048847198,0.76004844903946,0.76559656858444,0.75822818279266,0.79577499628067,0.77888798713684,0.76872372627258,0.82182592153549,0.8211013674736,0.4188976585865,0.60689371824265,0.5852068066597,0.66068923473358,0.65251350402832,0.63054555654526,0.65544682741165,0.69051325321198,0.70823657512665,0.73382991552353,0.73504865169525,0.74054700136185,0.77382987737656,0.7691690325737,0.76006215810776,0.81892949342728,0.82566297054291,0.4019835293293,0.57774889469147,0.57214331626892,0.64742356538773,0.65106493234634,0.62945967912674,0.65568208694458,0.68836253881454,0.70120066404343,0.72504925727844,0.72417521476746,0.73223346471786,0.76524287462234,0.76912140846252,0.76334595680237,0.82442027330399,0.82908737659454,0.40481340885162,0.58114123344421,0.56859910488129,0.64359188079834,0.63973814249039,0.61423915624619,0.65213912725449,0.68618750572205,0.70671981573105,0.72995281219482,0.72770327329636,0.73809546232224,0.76268976926804,0.75226879119873,0.73988878726959,0.79239213466644,0.80717051029205,0.40188869833946,0.5813490152359,0.57837128639221,0.66138815879822,0.6398965716362,0.61793237924576,0.64105170965195,0.6714745759964,0.68143898248672,0.70992320775986,0.71276354789734,0.73097616434097,0.75841450691223,0.75607430934906,0.73816931247711,0.77913266420364,0.78975492715836,0.39562976360321,0.56759542226791,0.5646812915802,0.63919413089752,0.63131898641586,0.60999965667725,0.63479363918304,0.67037177085876,0.67726111412048,0.69911044836044,0.69891637563705,0.713811814785,0.73782753944397,0.74004566669464,0.72585535049438,0.77004849910736,0.77917695045471,0.39261144399643,0.56123238801956,0.55221152305603,0.62201708555222,0.62027150392532,0.59860533475876,0.62297940254211,0.66129273176193,0.6729953289032,0.69366282224655,0.69691926240921,0.71078830957413,0.73590457439423,0.7364986538887,0.7237331867218,0.77534037828445,0.78533488512039,0.38497740030289,0.55055379867554,0.54513484239578,0.61458265781403,0.61450040340424,0.59253406524658,0.61663711071014,0.6565762758255,0.6675409078598,0.68973904848099,0.69119346141815,0.70500558614731,0.73129367828369,0.73129266500473,0.7184978723526,0.76949733495712,0.77763074636459,0.38428598642349,0.54834657907486,0.5432636141777,0.61593079566956,0.61112552881241,0.59176391363144,0.61461263895035,0.65444767475128,0.66496592760086,0.68615990877151,0.68775177001953,0.70220321416855,0.72664624452591,0.7273246049881,0.71397060155869,0.76196050643921,0.77165281772614,0.38264858722687,0.54601168632507,0.54082560539246,0.61223632097244,0.60775458812714,0.58893913030624,0.61165934801102,0.65188694000244,0.66162449121475,0.68282806873322,0.68458813428879,0.69841820001602,0.72159492969513,0.72212374210358,0.70907443761826,0.75708198547363,0.76602792739868,0.3814896941185,0.54478371143341,0.53951871395111,0.6094663143158,0.60636216402054,0.58674937486649,0.60885387659073,0.64977341890335,0.65883749723434,0.67958837747574,0.68131864070892,0.69503349065781,0.71821081638336,0.71817350387573,0.70458024740219,0.7532177567482,0.76099789142609,0.38046222925186,0.5432750582695,0.53671365976334,0.60682058334351,0.60496908426285,0.5848730802536,0.60748320817947,0.6475048661232,0.65711277723312,0.67687207460403,0.68019711971283,0.69509184360504,0.71875035762787,0.71915459632874,0.70538979768753,0.75622761249542,0.76547706127167,0.37652286887169,0.53746366500854,0.53318291902542,0.60285812616348,0.60140746831894,0.5815896987915,0.60429841279984,0.64458668231964,0.65473765134811,