{"i":750,"val_loss_history":[1.3114792108536],"val_loss_history_it":[750],"forward_backward_times":{},"opt":{"max_epochs":50,"checkpoint_every":1000,"batch_size":50,"memory_benchmark":0,"init_from":"cv\/startrek_128_len17_2_1600_25600.t7","grad_clip":5,"model_type":"lstm","lr_decay_every":5,"print_every":1,"wordvec_size":64,"seq_length":17,"input_json":"\/Users\/danhon\/dev\/data\/star-trek-titles_gen1.txt.json","num_layers":2,"input_h5":"\/Users\/danhon\/dev\/data\/star-trek-titles_gen1.txt.h5","reset_iterations":1,"rnn_size":128,"dropout":0,"checkpoint_name":"cv\/startrek_newtitles","batchnorm":0,"learning_rate":0.002,"speed_benchmark":0,"gpu_backend":"cuda","lr_decay_factor":0.5,"gpu":-1},"train_loss_history":[2.0846693515778,1.9028933048248,1.8790092468262,1.9832420349121,1.8515946865082,2.065628528595,2.0517630577087,2.0219297409058,1.9874250888824,1.9856112003326,2.0440671443939,2.0577659606934,1.8814071416855,1.9676862955093,1.9314229488373,2.0094745159149,1.7929524183273,1.8217579126358,1.888950586319,1.779504776001,1.9719897508621,1.941134095192,1.9587599039078,1.9413197040558,1.925085067749,1.9754612445831,2.0014708042145,1.8173718452454,1.9171084165573,1.85218334198,1.9577720165253,1.7728754281998,1.7734464406967,1.8385381698608,1.7352176904678,1.8903903961182,1.8513094186783,1.9097881317139,1.8975654840469,1.8724274635315,1.93976521492,1.9614557027817,1.7656947374344,1.8574163913727,1.7950402498245,1.9268894195557,1.740645647049,1.7405759096146,1.8113148212433,1.7079931497574,1.8388559818268,1.795361995697,1.8768583536148,1.8545731306076,1.8359267711639,1.9042658805847,1.9402884244919,1.7346217632294,1.8226026296616,1.7502685785294,1.8931134939194,1.6896444559097,1.7025083303452,1.7754256725311,1.6674435138702,1.8034008741379,1.7736505270004,1.841524720192,1.8288573026657,1.8278616666794,1.8909159898758,1.9133152961731,1.7363049983978,1.8295103311539,1.6789994239807,1.8414264917374,1.6642359495163,1.6694564819336,1.7328548431396,1.6394848823547,1.7812739610672,1.7398862838745,1.8130730390549,1.8029056787491,1.7987185716629,1.8667541742325,1.8787168264389,1.7032098770142,1.8053921461105,1.6669646501541,1.8186576366425,1.6505525112152,1.6609635353088,1.719514966011,1.6204891204834,1.7488799095154,1.7261928319931,1.7985228300095,1.7744485139847,1.7811928987503,1.8471590280533,1.8483937978745,1.6784836053848,1.7680243253708,1.6417020559311,1.8179547786713,1.6431813240051,1.6431133747101,1.6933934688568,1.6017986536026,1.7295860052109,1.6957490444183,1.768700838089,1.7559332847595,1.7710058689117,1.8309495449066,1.8231581449509,1.653902888298,1.7442095279694,1.6123287677765,1.7971135377884,1.6230841875076,1.6265798807144,1.6785311698914,1.5864140987396,1.7092317342758,1.669110417366,1.7454546689987,1.7352547645569,1.7433956861496,1.8113950490952,1.8021006584167,1.6359717845917,1.7261080741882,1.5929436683655,1.7796930074692,1.5992027521133,1.5905647277832,1.6594288349152,1.564759016037,1.6948053836823,1.6602804660797,1.7346723079681,1.7323596477509,1.7346415519714,1.8029818534851,1.8053296804428,1.636598944664,1.7356590032578,1.5541507005692,1.7446689605713,1.5814642906189,1.5763496160507,1.6370973587036,1.5537728071213,1.6806161403656,1.6441630125046,1.7199803590775,1.7165766954422,1.7196404933929,1.785148024559,1.7816785573959,1.6181857585907,1.7137806415558,1.5455942153931,1.7403852939606,1.5749589204788,1.5683584213257,1.628406047821,1.5431773662567,1.6698105335236,1.6326855421066,1.7064379453659,1.7099190950394,1.7087829113007,1.773876786232,1.7723906040192,1.6069741249084,1.698305606842,1.5349479913712,1.7314159870148,1.5698037147522,1.5610281229019,1.6242469549179,1.5369508266449,1.6621867418289,1.6244088411331,1.6918531656265,1.6964335441589,1.6995348930359,1.7627106904984,1.766366481781,1.5960739850998,1.6877049207687,1.525106549263,1.7220913171768,1.5577523708344,1.5545191764832,1.6207332611084,1.533203125,1.6576926708221,1.6180689334869,1.6822069883347,1.6814306974411,1.6880086660385,1.7514317035675,1.7555717229843,1.5890575647354,1.6795905828476,1.5148411989212,1.7148635387421,1.5459306240082,1.537810921669,1.5994333028793,1.5151689052582,1.6425729990005,1.6079375743866,1.6774336099625,1.6771456003189,1.6826109886169,1.7503056526184,1.7515197992325,1.5883972644806,1.6830940246582,1.4885957241058,1.6925826072693,1.5324852466583,1.5254149436951,1.5901975631714,1.5096899271011,1.6396061182022,1.605805516243,1.6721767187119,1.6647928953171,1.6700551509857,1.7363317012787,1.739865899086,1.5814403295517,1.6802300214767,1.4896470308304,1.6936587095261,1.5299645662308,1.5192477703094,1.582843542099,1.5016549825668,1.6358938217163,1.6045806407928,1.6764686107635,1.660489320755,1.6656920909882,1.728778719902,1.72729575634,1.5679576396942,1.6709027290344,1.4852830171585,1.694202542305,1.5331659317017,1.5178664922714,1.5776306390762,1.4964495897293,1.6253800392151,1.5934765338898,1.6691118478775,1.6575903892517,1.6624753475189,1.7266799211502,1.719278216362,1.5597815513611,1.6605257987976,1.4786130189896,1.6862814426422,1.5291495323181,1.5123773813248,1.5729595422745,1.4924031496048,1.6191118955612,1.5850652456284,1.6578444242477,1.6532121896744,1.6559239625931,1.720586180687,1.71275639534,1.5537339448929,1.6524636745453,1.4725193977356,1.6775604486465,1.5158616304398,1.5078825950623,1.5689383745193,1.488640666008,1.6168365478516,1.580610871315,1.6501690149307,1.6489655971527,1.6533756256104,1.7188694477081,1.717276096344,1.5600327253342,1.6585620641708,1.4585065841675,1.6689034700394,1.5114295482635,1.4996898174286,1.5621961355209,1.4819152355194,1.6113049983978,1.5782716274261,1.6497200727463,1.6444910764694,1.6499394178391,1.7165216207504,1.7113382816315,1.5541948080063,1.6507422924042,1.4551545381546,1.6676242351532,1.5106024742126,1.498844742775,1.5614614486694,1.4814832210541,1.6081844568253,1.5728698968887,1.6432580947876,1.6398626565933,1.6445534229279,1.7125054597855,1.7059047222137,1.5515677928925,1.6467392444611,1.4527895450592,1.6657259464264,1.5059583187103,1.4948143959045,1.5571023225784,1.4776072502136,1.6060260534286,1.5704352855682,1.6408500671387,1.6363607645035,1.6407533884048,1.7072697877884,1.7010570764542,1.5462870597839,1.6431008577347,1.4505902528763,1.6641176939011,1.5043721199036,1.4929736852646,1.5542727708817,1.4750086069107,1.6029326915741,1.5671721696854,1.6380484104156,1.6336696147919,1.6377962827682,1.7042644023895,1.6971861124039,1.5424031019211,1.6395283937454,1.4480549097061,1.6616842746735,1.5020421743393,1.490858912468,1.5520217418671,1.472823381424,1.6011693477631,1.565734744072,1.6366956233978,1.6335695981979,1.6381108760834,1.7050396203995,1.6998351812363,1.5450558662415,1.6425898075104,1.4411324262619,1.6560207605362,1.4985973834991,1.4882010221481,1.5499898195267,1.4706462621689,1.5978548526764,1.5626695156097,1.6333949565887,1.6313939094543,1.6355495452881,1.70330119133,1.6971478462219,1.5430699586868,1.6394387483597,1.4391596317291,1.6549879312515,1.4961359500885,1.486319065094,1.5478739738464,1.4691737890244,1.5968717336655,1.5614424943924,1.6318497657776,1.6295770406723,1.6335818767548,1.7005795240402,1.6942199468613,1.5399627685547,1.637589931488,1.4384540319443,1.6541531085968,1.4960105419159,1.4853097200394,1.5466482639313,1.4681032896042,1.5954308509827,1.5596680641174,1.6303865909576,1.6281057596207,1.6318728923798,1.6991713047028,1.6918119192123,1.5382912158966,1.6354423761368,1.4372565746307,1.6533604860306,1.4950970411301,1.4840151071548,1.5453598499298,1.4669288396835,1.5943198204041,1.5582687854767,1.6289950609207,1.6264793872833,1.6301494836807,1.6972719430923,1.6896233558655,1.5362626314163,1.6335583925247,1.4360632896423,1.6525733470917,1.4939110279083,1.4830323457718,1.5440064668655,1.4657549858093,1.5933717489243,1.5575975179672,1.6285809278488,1.6264137029648,1.6304824352264,1.6977833509445,1.6910554170609,1.5376542806625,1.6348280906677,1.4322017431259,1.6494238376617,1.4917359352112,1.4814598560333,1.5428949594498,1.4645825624466,1.5917612314224,1.5559301376343,1.6266624927521,